text,label
"Ἤδη κεκορεσμένοι ἐστέ, ἤδη ἐπλουτήσατε, χωρὶς ἡμῶν ἐβασιλεύσατε·",Disgust
"μακάριοι οἱ πεινῶντες καὶ διψῶντες τὴν δικαιοσύνην, ὅτι αὐτοὶ χορτασθήσονται.",Anticipation
ἐγὼ γὰρ ἔμαθον ἐν οἷς εἰμι αὐτάρκης εἶναι·,Joy
"ἵνα γένηται ἡ προσφορὰ τῶν ἐθνῶν εὐπρόσδεκτος, ἡγιασμένη ἐν πνεύματι ἁγίῳ.",Anticipation
"Οὗτός ἐστιν ὁ υἱός μου ὁ ἀγαπητός, ἐν ᾧ εὐδόκησα.",Joy
"ναί, ὁ πατήρ, ὅτι οὕτως εὐδοκία ἐγένετο ἔμπροσθέν σου.",Trust
αἰνοῦντες τὸν θεὸν καὶ ἔχοντες χάριν πρὸς ὅλον τὸν λαόν.,Joy
"Μὴ φοβοῦ, Μαριάμ, εὗρες γὰρ χάριν παρὰ τῷ θεῷ·",Surprise
"καὶ ἤρεσεν ὁ λόγος ἐνώπιον παντὸς τοῦ πλήθους, καὶ ἐξελέξαντο Στέφανον, ἄνδρα πλήρη πίστεως καὶ πνεύματος ἁγίου, καὶ Φίλιππον καὶ Πρόχορον καὶ Νικάνορα καὶ Τίμωνα καὶ Παρμενᾶν καὶ Νικόλαον προσήλυτον Ἀντιοχέα,",Trust
ὅτι ἐγὼ τὰ ἀρεστὰ αὐτῷ ποιῶ πάντοτε.,Joy
"ἰδὼν δὲ ὅτι ἀρεστόν ἐστιν τοῖς Ἰουδαίοις προσέθετο συλλαβεῖν καὶ Πέτρον (ἦσαν δὲ ἡμέραι τῶν ἀζύμων),",Anticipation
"πρὸ γὰρ τῆς μεταθέσεως μεμαρτύρηται εὐαρεστηκέναι τῷ θεῷ,",Trust
"διʼ ἧς λατρεύωμεν εὐαρέστως τῷ θεῷ μετὰ εὐλαβείας καὶ δέους,",Fear
"καὶ αὐτὸς προελεύσεται ἐνώπιον αὐτοῦ ἐν πνεύματι καὶ δυνάμει Ἠλίου, ἐπιστρέψαι καρδίας πατέρων ἐπὶ τέκνα καὶ ἀπειθεῖς ἐν φρονήσει δικαίων, ἑτοιμάσαι κυρίῳ λαὸν κατεσκευασμένον.",Anticipation
"ὁ δὲ Πιλᾶτος βουλόμενος τῷ ὄχλῳ τὸ ἱκανὸν ποιῆσαι ἀπέλυσεν αὐτοῖς τὸν Βαραββᾶν, καὶ παρέδωκεν τὸν Ἰησοῦν φραγελλώσας ἵνα σταυρωθῇ.",Fear
"μὴ κατʼ ὀφθαλμοδουλίαν ὡς ἀνθρωπάρεσκοι ἀλλʼ ὡς δοῦλοι Χριστοῦ ποιοῦντες τὸ θέλημα τοῦ θεοῦ, ἐκ ψυχῆς,",Disgust
"οἵτινες ὑπὲρ τῆς ψυχῆς μου τὸν ἑαυτῶν τράχηλον ὑπέθηκαν, οἷς οὐκ ἐγὼ μόνος εὐχαριστῶ ἀλλὰ καὶ πᾶσαι αἱ ἐκκλησίαι τῶν ἐθνῶν,",Joy
ὅτι αὐτὸς χρηστός ἐστιν ἐπὶ τοὺς ἀχαρίστους καὶ πονηρούς.,Sadness
"Βλέπετε ἀπὸ τῶν γραμματέων τῶν θελόντων ἐν στολαῖς περιπατεῖν καὶ ἀσπασμοὺς ἐν ταῖς ἀγοραῖς,",Disgust
"ὅτι φιλοῦσιν ἐν ταῖς συναγωγαῖς καὶ ἐν ταῖς γωνίαις τῶν πλατειῶν ἑστῶτες προσεύχεσθαι, ὅπως φανῶσιν τοῖς ἀνθρώποις·",Disgust
"φιλοῦσι δὲ τὴν πρωτοκλισίαν ἐν τοῖς δείπνοις καὶ τὰς πρωτοκαθεδρίας ἐν ταῖς συναγωγαῖς,",Disgust
ἠγάπησαν γὰρ τὴν δόξαν τῶν ἀνθρώπων μᾶλλον ἤπερ τὴν δόξαν τοῦ θεοῦ.,Sadness
"ἄστοργοι, ἄσπονδοι, διάβολοι, ἀκρατεῖς, ἀνήμεροι, ἀφιλάγαθοι,",Sadness
"ῥίζα γὰρ πάντων τῶν κακῶν ἐστιν ἡ φιλαργυρία, ἧς τινες ὀρεγόμενοι ἀπεπλανήθησαν ἀπὸ τῆς πίστεως καὶ ἑαυτοὺς περιέπειραν ὀδύναις πολλαῖς.",Disgust
"Ἤκουον δὲ ταῦτα πάντα οἱ Φαρισαῖοι φιλάργυροι ὑπάρχοντες, καὶ ἐξεμυκτήριζον αὐτόν.",Disgust
ἀλλʼ ὁ φιλοπρωτεύων αὐτῶν Διοτρέφης οὐκ ἐπιδέχεται ἡμᾶς.,Anger
"ἡδονὴν ἡγούμενοι τὴν ἐν ἡμέρᾳ τρυφήν, σπίλοι καὶ μῶμοι ἐντρυφῶντες ἐν ταῖς ἀπάταις αὐτῶν συνευωχούμενοι ὑμῖν,",Disgust
"προδόται, προπετεῖς, τετυφωμένοι, φιλήδονοι μᾶλλον ἢ φιλόθεοι,",Sadness
ἵνα κριθῶσιν πάντες οἱ μὴ πιστεύσαντες τῇ ἀληθείᾳ ἀλλὰ εὐδοκήσαντες τῇ ἀδικίᾳ.,Disgust
ἐλπίζω γὰρ διαπορευόμενος θεάσασθαι ὑμᾶς καὶ ὑφʼ ὑμῶν προπεμφθῆναι ἐκεῖ ἐὰν ὑμῶν πρῶτον ἀπὸ μέρους ἐμπλησθῶ—,Anticipation
"ἀλλʼ ἐπὶ θεῷ τῷ παρέχοντι ἡμῖν πάντα πλουσίως εἰς ἀπόλαυσιν,",Joy
"μᾶλλον ἑλόμενος συγκακουχεῖσθαι τῷ λαῷ τοῦ θεοῦ ἢ πρόσκαιρον ἔχειν ἁμαρτίας ἀπόλαυσιν,",Disgust
ἱλαρὸν γὰρ δότην ἀγαπᾷ ὁ θεός.,Joy
ποῦ οὖν ὁ μακαρισμὸς ὑμῶν;,Sadness
"μακάριοι οἱ ἐλεήμονες, ὅτι αὐτοὶ ἐλεηθήσονται.",Anticipation
ἰδοὺ μακαρίζομεν τοὺς ὑπομείναντας·,Trust
ἰδοὺ γὰρ ἀπὸ τοῦ νῦν μακαριοῦσίν με πᾶσαι αἱ γενεαί·,Joy
πληρώσεις με εὐφροσύνης μετὰ τοῦ προσώπου σου.,Joy
"Εὐφράνθητε, ἔθνη, μετὰ τοῦ λαοῦ αὐτοῦ.",Joy
καὶ εὐφραίνοντο ἐν τοῖς ἔργοις τῶν χειρῶν αὐτῶν.,Disgust
"διὰ τοῦτο ηὐφράνθη ἡ καρδία μου καὶ ἠγαλλιάσατο ἡ γλῶσσά μου, ἔτι δὲ καὶ ἡ σάρξ μου κατασκηνώσει ἐπʼ ἐλπίδι·",Joy
καὶ ἀπελθοῦσαι ταχὺ ἀπὸ τοῦ μνημείου μετὰ φόβου καὶ χαρᾶς μεγάλης ἔδραμον ἀπαγγεῖλαι τοῖς μαθηταῖς αὐτοῦ.,Surprise
τίς γὰρ ἡμῶν ἐλπὶς ἢ χαρὰ ἢ στέφανος καυχήσεως— ἢ οὐχὶ καὶ ὑμεῖς— ἔμπροσθεν τοῦ κυρίου ἡμῶν Ἰησοῦ ἐν τῇ αὐτοῦ παρουσίᾳ;,Joy
"Νῦν χαίρω ἐν τοῖς παθήμασιν ὑπὲρ ὑμῶν, καὶ ἀνταναπληρῶ τὰ ὑστερήματα τῶν θλίψεων τοῦ Χριστοῦ ἐν τῇ σαρκί μου ὑπὲρ τοῦ σώματος αὐτοῦ, ὅ ἐστιν ἡ ἐκκλησία,",Joy
"ὡς λυπούμενοι ἀεὶ δὲ χαίροντες, ὡς πτωχοὶ πολλοὺς δὲ πλουτίζοντες, ὡς μηδὲν ἔχοντες καὶ πάντα κατέχοντες.",Joy
Συγχάρητέ μοι ὅτι εὗρον τὸ πρόβατόν μου τὸ ἀπολωλός.,Joy
"εἴτε δοξάζεται μέλος, συγχαίρει πάντα τὰ μέλη.",Joy
"συνήδομαι γὰρ τῷ νόμῳ τοῦ θεοῦ κατὰ τὸν ἔσω ἄνθρωπον,",Joy
Γενομένων δὲ ἡμῶν εἰς Ἱεροσόλυμα ἀσμένως ἀπεδέξαντο ἡμᾶς οἱ ἀδελφοί.,Joy
ἡδέως γὰρ ἀνέχεσθε τῶν ἀφρόνων φρόνιμοι ὄντες·,Disgust
ἐγὼ δὲ ἥδιστα δαπανήσω καὶ ἐκδαπανηθήσομαι ὑπὲρ τῶν ψυχῶν ὑμῶν.,Joy
"ἀλλὰ πόρρωθεν αὐτὰς ἰδόντες καὶ ἀσπασάμενοι, καὶ ὁμολογήσαντες ὅτι ξένοι καὶ παρεπίδημοί εἰσιν ἐπὶ τῆς γῆς.",Anticipation
"εἰ γὰρ ἐγὼ λυπῶ ὑμᾶς, καὶ τίς ὁ εὐφραίνων με εἰ μὴ ὁ λυπούμενος ἐξ ἐμοῦ;",Sadness
"ἰδοὺ γὰρ ὡς ἐγένετο ἡ φωνὴ τοῦ ἀσπασμοῦ σου εἰς τὰ ὦτά μου, ἐσκίρτησεν ἐν ἀγαλλιάσει τὸ βρέφος ἐν τῇ κοιλίᾳ μου.",Joy
καὶ ἠγαλλίασεν τὸ πνεῦμά μου ἐπὶ τῷ θεῷ τῷ σωτῆρί μου·,Joy
"χάρητε ἐν ἐκείνῃ τῇ ἡμέρᾳ καὶ σκιρτήσατε, ἰδοὺ γὰρ ὁ μισθὸς ὑμῶν πολὺς ἐν τῷ οὐρανῷ·",Joy
ἵνα τὸ καύχημα ὑμῶν περισσεύῃ ἐν Χριστῷ Ἰησοῦ ἐν ἐμοὶ διὰ τῆς ἐμῆς παρουσίας πάλιν πρὸς ὑμᾶς.,Anticipation
"καθὼς καὶ ἐπέγνωτε ἡμᾶς ἀπὸ μέρους, ὅτι καύχημα ὑμῶν ἐσμεν καθάπερ καὶ ὑμεῖς ἡμῶν ἐν τῇ ἡμέρᾳ τοῦ κυρίου ἡμῶν Ἰησοῦ.",Joy
"πολλή μοι παρρησία πρὸς ὑμᾶs, πολλή μοι καύχησις ὑπὲρ ὑμῶν· πεπλήρωμαι τῇ παρακλήσει, ὑπερπερισσεύομαι τῇ χαρᾷ ἐπὶ πάσῃ τῇ θλίψει ἡμῶν.",Joy
ὑμεῖς γάρ ἐστε ἡ δόξα ἡμῶν καὶ ἡ χαρά.,Joy
"ἐπὰν ⸀δὲ ἰσχυρότερος ⸀αὐτοῦ ἐπελθὼν νικήσῃ αὐτόν, τὴν πανοπλίαν αὐτοῦ αἴρει ἐφʼ ᾗ ἐπεποίθει, καὶ τὰ σκῦλα αὐτοῦ διαδίδωσιν.",Surprise
"ἀλλὰ αὐτοὶ ἐν ἑαυτοῖς τὸ ἀπόκριμα τοῦ θανάτου ἐσχήκαμεν, ἵνα μὴ πεποιθότες ὦμεν ἐφʼ ἑαυτοῖς ἀλλʼ ἐπὶ τῷ θεῷ τῷ ἐγείροντι τοὺς νεκρούς·",Trust
Πεποίθησιν δὲ τοιαύτην ἔχομεν διὰ τοῦ Χριστοῦ πρὸς τὸν θεόν.,Trust
καίπερ ἐγὼ ἔχων πεποίθησιν καὶ ἐν σαρκί.,Anger
"⸂Εἰ δὲ⸃ σὺ Ἰουδαῖος ἐπονομάζῃ καὶ ἐπαναπαύῃ ⸀νόμῳ καὶ καυχᾶσαι ἐν θεῷ,",Anger
"μή πως ἐὰν ἔλθωσιν σὺν ἐμοὶ Μακεδόνες καὶ εὕρωσιν ὑμᾶς ἀπαρασκευάστους καταισχυνθῶμεν ἡμεῖς, ἵνα μὴ ⸀λέγωμεν ὑμεῖς, ἐν τῇ ὑποστάσει ⸀ταύτῃ.",Anticipation
"Ὃς δʼ ἂν σκανδαλίσῃ ἕνα τῶν μικρῶν τούτων τῶν πιστευόντων εἰς ἐμέ, συμφέρει αὐτῷ ἵνα κρεμασθῇ μύλος ὀνικὸς ⸀εἰς τὸν τράχηλον αὐτοῦ καὶ καταποντισθῇ ἐν τῷ πελάγει τῆς θαλάσσης.",Anger
"διότι περιέχει ⸀ἐν γραφῇ· Ἰδοὺ τίθημι ἐν Σιὼν λίθον ⸂ἀκρογωνιαῖον ἐκλεκτὸν⸃ ἔντιμον, καὶ ὁ πιστεύων ἐπʼ αὐτῷ οὐ μὴ καταισχυνθῇ.",Trust
"ἀκούσαντες τὴν πίστιν ὑμῶν ἐν Χριστῷ Ἰησοῦ καὶ τὴν ἀγάπην ⸂ἣν ἔχετε⸃ εἰς πάντας τοὺς ἁγίους,",Joy
"⸀ἔφη αὐτῷ ὁ κύριος αὐτοῦ· Εὖ, δοῦλε ἀγαθὲ καὶ πιστέ, ἐπὶ ὀλίγα ἦς πιστός, ἐπὶ πολλῶν σε καταστήσω· εἴσελθε εἰς τὴν χαρὰν τοῦ κυρίου σου.",Joy
"πιστὸς ὁ λόγος· εἰ γὰρ συναπεθάνομεν, καὶ συζήσομεν·",Trust
"τί γάρ; εἰ ἠπίστησάν τινες, μὴ ἡ ἀπιστία αὐτῶν τὴν πίστιν τοῦ θεοῦ καταργήσει;",Trust
"καὶ ἡ ἐλπὶς ἡμῶν βεβαία ὑπὲρ ⸀ὑμῶν· εἰδότες ὅτι ⸀ὡς κοινωνοί ἐστε τῶν παθημάτων, οὕτως καὶ τῆς παρακλήσεως.",Anticipation
"καὶ ἔχομεν βεβαιότερον τὸν προφητικὸν λόγον, ᾧ καλῶς ποιεῖτε προσέχοντες ὡς λύχνῳ φαίνοντι ἐν αὐχμηρῷ τόπῳ, ἕως οὗ ἡμέρα διαυγάσῃ καὶ φωσφόρος ἀνατείλῃ ἐν ταῖς καρδίαις ὑμῶν·",Trust
"πῶς ἡμεῖς ἐκφευξόμεθα τηλικαύτης ἀμελήσαντες σωτηρίας, ἥτις, ἀρχὴν λαβοῦσα λαλεῖσθαι διὰ τοῦ κυρίου, ὑπὸ τῶν ἀκουσάντων εἰς ἡμᾶς ἐβεβαιώθη,",Fear
"ἐκεῖνοι δὲ ἐξελθόντες ἐκήρυξαν πανταχοῦ, τοῦ κυρίου συνεργοῦντος καὶ τὸν λόγον βεβαιοῦντος διὰ τῶν ἐπακολουθούντων ⸀σημείων.⟧",Joy
ὁ δὲ ⸀λέγει αὐτοῖς· Διὰ τὴν ⸀ὀλιγοπιστίαν ὑμῶν·,Sadness
"καὶ λέγει αὐτοῖς· Τί δειλοί ἐστε, ὀλιγόπιστοι;",Sadness
"καλῶς· τῇ ἀπιστίᾳ ἐξεκλάσθησαν, σὺ δὲ τῇ πίστει ἕστηκας.",Fear
"ὁ δὲ ἀποκριθεὶς ⸀αὐτοῖς λέγει· Ὦ γενεὰ ἄπιστος, ἕως πότε πρὸς ὑμᾶς ἔσομαι;",Sadness
"ὁ δὲ ἀποκριθεὶς εἶπεν αὐτοῖς· Γενεὰ πονηρὰ καὶ μοιχαλὶς σημεῖον ἐπιζητεῖ, καὶ σημεῖον οὐ δοθήσεται αὐτῇ εἰ μὴ τὸ σημεῖον Ἰωνᾶ τοῦ προφήτου.",Anger
"⸀μοιχαλίδες, οὐκ οἴδατε ὅτι ἡ φιλία τοῦ κόσμου ἔχθρα τοῦ θεοῦ ἐστιν;",Anger
καὶ οὐδὲν τούτων τῷ Γαλλίωνι ἔμελεν.,Disgust
"χωρὶς τῶν παρεκτὸς ἡ ἐπίστασίς μοι ἡ καθʼ ἡμέραν, ἡ μέριμνα πασῶν τῶν ἐκκλησιῶν.",Fear
Θέλω δὲ ὑμᾶς ἀμερίμνους εἶναι.,Joy
"καὶ ἐὰν ἀκουσθῇ τοῦτο ἐπὶ τοῦ ἡγεμόνος, ἡμεῖς πείσομεν αὐτὸν καὶ ὑμᾶς ἀμερίμνους ποιήσομεν.",Disgust
"Τεσσαρεσκαιδεκάτην σήμερον ἡμέραν προσδοκῶντες ἄσιτοι διατελεῖτε, μηθὲν προσλαβόμενοι·",Anticipation
"τίς ἀσθενεῖ, καὶ οὐκ ἀσθενῶ; τίς σκανδαλίζεται καὶ οὐκ ἐγὼ πυροῦμαι;",Sadness
καὶ δίκαιον Λὼτ καταπονούμενον ὑπὸ τῆς τῶν ἀθέσμων ἐν ἀσελγείᾳ ἀναστροφῆς ἐρρύσατο—,Disgust
"ἐπειδὴ ἠκούσαμεν ὅτι τινὲς ἐξ ἡμῶν ἐξελθόντες ἐτάραξαν ὑμᾶς λόγοις ἀνασκευάζοντες τὰς ψυχὰς ὑμῶν οἷς οὐ διεστειλάμεθα,",Anger
καὶ εἰσελθόντος αὐτοῦ εἰς Ἱεροσόλυμα ἐσείσθη πᾶσα ἡ πόλις λέγουσα· Τίς ἐστιν οὗτος;,Surprise
"ἀποκριθεὶς δὲ εἶπεν αὐτῇ ὁ κύριος· Μάρθα Μάρθα, μεριμνᾷς καὶ θορυβάζῃ περὶ πολλά,",Sadness
ὅτι λύπη μοί ἐστιν μεγάλη καὶ ἀδιάλειπτος ὀδύνη τῇ καρδίᾳ μου·,Sadness
ἰδοὺ ὁ πατήρ σου καὶ ἐγὼ ὀδυνώμενοι ἐζητοῦμέν σε.,Fear
"Οὐ γὰρ θέλομεν ὑμᾶς ἀγνοεῖν, ἀδελφοί, ὑπὲρ τῆς θλίψεως ἡμῶν τῆς γενομένης ἐν τῇ Ἀσίᾳ, ὅτι καθʼ ὑπερβολὴν ὑπὲρ δύναμιν ἐβαρήθημεν, ὥστε ἐξαπορηθῆναι ἡμᾶς καὶ τοῦ ζῆν·",Fear
ἡ δὲ Μάρθα περιεσπᾶτο περὶ πολλὴν διακονίαν·,Sadness
"καὶ ἐπὶ τῆς γῆς συνοχὴ ἐθνῶν ἐν ἀπορίᾳ ἤχους θαλάσσης καὶ σάλου,",Fear
"ἐκ γὰρ πολλῆς θλίψεως καὶ συνοχῆς καρδίας ἔγραψα ὑμῖν διὰ πολλῶν δακρύων, οὐχ ἵνα λυπηθῆτε, ἀλλὰ τὴν ἀγάπην ἵνα γνῶτε ἣν ἔχω περισσοτέρως εἰς ὑμᾶς.",Sadness
"βάπτισμα δὲ ἔχω βαπτισθῆναι, καὶ πῶς συνέχομαι ἕως ὅτου τελεσθῇ.",Anticipation
"Προορώμην τὸν κύριον ἐνώπιόν μου διὰ παντός, ὅτι ἐκ δεξιῶν μού ἐστιν ἵνα μὴ σαλευθῶ.",Trust
"Γενομένης δὲ ἡμέρας ἦν τάραχος οὐκ ὀλίγος ἐν τοῖς στρατιώταις, τί ἄρα ὁ Πέτρος ἐγένετο.",Surprise
"Ἰησοῦς οὖν ὡς εἶδεν αὐτὴν κλαίουσαν καὶ τοὺς συνελθόντας αὐτῇ Ἰουδαίους κλαίοντας ἐνεβριμήσατο τῷ πνεύματι καὶ ἐτάραξεν ἑαυτόν,",Sadness
"διά γε τὸ παρέχειν μοι κόπον τὴν χήραν ταύτην ἐκδικήσω αὐτήν, ἵνα μὴ εἰς τέλος ἐρχομένη ὑπωπιάζῃ με.",Anger
ἡ δὲ ἐπὶ τῷ λόγῳ διεταράχθη καὶ διελογίζετο ποταπὸς εἴη ὁ ἀσπασμὸς οὗτος.,Surprise
"ἐπειδὴ ἐπιποθῶν ἦν πάντας ὑμᾶς, καὶ ἀδημονῶν διότι ἠκούσατε ὅτι ἠσθένησεν.",Sadness
καὶ ἀπελθοῦσαι ταχὺ ἀπὸ τοῦ μνημείου μετὰ φόβου καὶ χαρᾶς μεγάλης ἔδραμον ἀπαγγεῖλαι τοῖς μαθηταῖς αὐτοῦ.,Joy
"Καὶ γὰρ ἐλθόντων ἡμῶν εἰς Μακεδονίαν οὐδεμίαν ἔσχηκεν ἄνεσιν ἡ σὰρξ ἡμῶν, ἀλλʼ ἐν παντὶ θλιβόμενοι— ἔξωθεν μάχαι, ἔσωθεν φόβοι—",Fear
καὶ ἀκούσαντες οἱ μαθηταὶ ἔπεσαν ἐπὶ πρόσωπον αὐτῶν καὶ ἐφοβήθησαν σφόδρα.,Fear
"τότε ἀπελθὼν ὁ στρατηγὸς σὺν τοῖς ὑπηρέταις ἤγαγεν αὐτούς, οὐ μετὰ βίας, ἐφοβοῦντο γὰρ τὸν λαόν, μὴ λιθασθῶσιν.",Fear
"ἀφόβως ἐκ χειρὸς ἐχθρῶν ῥυσθέντας λατρεύειν αὐτῷ,",Trust
καὶ τοὺς πλείονας τῶν ἀδελφῶν ἐν κυρίῳ πεποιθότας τοῖς δεσμοῖς μου περισσοτέρως τολμᾶν ἀφόβως τὸν λόγον λαλεῖν.,Trust
φοβερὸν τὸ ἐμπεσεῖν εἰς χεῖρας θεοῦ ζῶντος.,Fear
ἔκφοβοι γὰρ ἐγένοντο.,Fear
"ὁ δὲ ἀτενίσας αὐτῷ καὶ ἔμφοβος γενόμενος εἶπεν· Τί ἐστιν, κύριε;",Fear
ἵνα μὴ δόξω ὡς ἂν ἐκφοβεῖν ὑμᾶς διὰ τῶν ἐπιστολῶν·,Anger
"σεισμοί τε μεγάλοι καὶ κατὰ τόπους λιμοὶ καὶ λοιμοὶ ἔσονται, φόβητρά τε καὶ σημεῖα ἀπʼ οὐρανοῦ μεγάλα ἔσται.",Fear
"Τολμηταί, αὐθάδεις, δόξας οὐ τρέμουσιν, βλασφημοῦντες,",Anger
καὶ τὰ δαιμόνια πιστεύουσιν καὶ φρίσσουσιν.,Fear
"αἰτήσας δὲ φῶτα εἰσεπήδησεν καὶ ἔντρομος γενόμενος προσέπεσεν τῷ Παύλῳ καὶ τῷ Σιλᾷ,",Fear
"καί, οὕτω φοβερὸν ἦν τὸ φανταζόμενον, Μωϋσῆς εἶπεν· Ἔκφοβός εἰμι καὶ ἔντρομος.",Fear
πτοηθέντες δὲ καὶ ἔμφοβοι γενόμενοι ἐδόκουν πνεῦμα θεωρεῖν.,Fear
"οὐ γὰρ ἔδωκεν ἡμῖν ὁ θεὸς πνεῦμα δειλίας, ἀλλὰ δυνάμεως καὶ ἀγάπης καὶ σωφρονισμοῦ.",Fear
"τοῖς δὲ δειλοῖς καὶ ἀπίστοις καὶ ἐβδελυγμένοις καὶ φονεῦσι καὶ πόρνοις καὶ φαρμάκοις καὶ εἰδωλολάτραις καὶ πᾶσι τοῖς ψευδέσιν τὸ μέρος αὐτῶν ἐν τῇ λίμνῃ τῇ καιομένῃ πυρὶ καὶ θείῳ, ὅ ἐστιν ὁ θάνατος ὁ δεύτερος.",Disgust
"κἀγὼ ἐν ἀσθενείᾳ καὶ ἐν φόβῳ καὶ ἐν τρόμῳ πολλῷ ἐγενόμην πρὸς ὑμᾶς,",Fear
"ἡ δὲ προβιβασθεῖσα ὑπὸ τῆς μητρὸς αὐτῆς· Δός μοι, φησίν, ὧδε ἐπὶ πίνακι τὴν κεφαλὴν Ἰωάννου τοῦ βαπτιστοῦ.",Anger
"ἐκ δὲ τοῦ ὄχλου συνεβίβασαν Ἀλέξανδρον προβαλόντων αὐτὸν τῶν Ἰουδαίων, ὁ δὲ Ἀλέξανδρος κατασείσας τὴν χεῖρα ἤθελεν ἀπολογεῖσθαι τῷ δήμῳ.",Fear
"καὶ παρεβιάσαντο αὐτὸν λέγοντες· Μεῖνον μεθʼ ἡμῶν, ὅτι πρὸς ἑσπέραν ἐστὶν καὶ κέκλικεν ἤδη ἡ ἡμέρα.",Trust
βουλομένου δὲ αὐτοῦ διελθεῖν εἰς τὴν Ἀχαΐαν προτρεψάμενοι οἱ ἀδελφοὶ ἔγραψαν τοῖς μαθηταῖς ἀποδέξασθαι αὐτόν·,Trust
Οἱ δὲ ἀρχιερεῖς καὶ οἱ πρεσβύτεροι ἔπεισαν τοὺς ὄχλους ἵνα αἰτήσωνται τὸν Βαραββᾶν τὸν δὲ Ἰησοῦν ἀπολέσωσιν.,Anger
"ὁμοθυμαδὸν δὲ παρῆσαν πρὸς αὐτόν, καὶ πείσαντες Βλάστον τὸν ἐπὶ τοῦ κοιτῶνος τοῦ βασιλέως ᾐτοῦντο εἰρήνην διὰ τὸ τρέφεσθαι αὐτῶν τὴν χώραν ἀπὸ τῆς βασιλικῆς.",Fear
λέγοντες ὅτι Παρὰ τὸν νόμον ἀναπείθει οὗτος τοὺς ἀνθρώπους σέβεσθαι τὸν θεόν.,Anger
ἡ πεισμονὴ οὐκ ἐκ τοῦ καλοῦντος ὑμᾶς.,Disgust
"ἡ δὲ ἄνωθεν σοφία πρῶτον μὲν ἁγνή ἐστιν, ἔπειτα εἰρηνική, ἐπιεικής, εὐπειθής, μεστὴ ἐλέους καὶ καρπῶν ἀγαθῶν, ἀδιάκριτος, ἀνυπόκριτος·",Trust
"εἰ ἐγὼ χάριτι μετέχω, τί βλασφημοῦμαι ὑπὲρ οὗ ἐγὼ εὐχαριστῶ;",Joy
"μηδὲν μεριμνᾶτε, ἀλλʼ ἐν παντὶ τῇ προσευχῇ καὶ τῇ δεήσει μετʼ εὐχαριστίας τὰ αἰτήματα ὑμῶν γνωριζέσθω πρὸς τὸν θεόν·",Trust
τῷ δὲ θεῷ χάρις τῷ διδόντι ἡμῖν τὸ νῖκος διὰ τοῦ κυρίου ἡμῶν Ἰησοῦ Χριστοῦ.,Joy
"Ἐξομολογοῦμαί σοι, πάτερ κύριε τοῦ οὐρανοῦ καὶ τῆς γῆς, ὅτι ἔκρυψας ταῦτα ἀπὸ σοφῶν καὶ συνετῶν, καὶ ἀπεκάλυψας αὐτὰ νηπίοις·",Joy
καὶ αὐτῇ τῇ ὥρᾳ ἐπιστᾶσα ἀνθωμολογεῖτο τῷ θεῷ καὶ ἐλάλει περὶ αὐτοῦ πᾶσιν τοῖς προσδεχομένοις λύτρωσιν Ἰερουσαλήμ.,Joy
καὶ ἐξαίφνης ἐγένετο σὺν τῷ ἀγγέλῳ πλῆθος στρατιᾶς οὐρανίου αἰνούντων τὸν θεὸν καὶ λεγόντων·,Surprise
καὶ πᾶς ὁ λαὸς ἰδὼν ἔδωκεν αἶνον τῷ θεῷ.,Joy
"διʼ αὐτοῦ οὖν ἀναφέρωμεν θυσίαν αἰνέσεως διὰ παντὸς τῷ θεῷ, τοῦτʼ ἔστιν καρπὸν χειλέων ὁμολογούντων τῷ ὀνόματι αὐτοῦ.",Joy
καὶ ἐπῄνεσεν ὁ κύριος τὸν οἰκονόμον τῆς ἀδικίας ὅτι φρονίμως ἐποίησεν·,Surprise
"εἰς ἔπαινον δόξης τῆς χάριτος αὐτοῦ ἧς ἐχαρίτωσεν ἡμᾶς ἐν τῷ ἠγαπημένῳ,",Surprise
"ἐν αὐτῇ εὐλογοῦμεν τὸν κύριον καὶ πατέρα, καὶ ἐν αὐτῇ καταρώμεθα τοὺς ἀνθρώπους τοὺς καθʼ ὁμοίωσιν θεοῦ γεγονότας·",Disgust
καὶ πᾶν κτίσμα...ἤκουσα λέγοντας· Τῷ καθημένῳ ἐπὶ τῷ θρόνῳ καὶ τῷ ἀρνίῳ ἡ εὐλογία καὶ ἡ τιμὴ καὶ ἡ δόξα καὶ τὸ κράτος εἰς τοὺς αἰῶνας τῶν αἰώνων.,Fear
ὅπως δοξασθῶσιν ὑπὸ τῶν ἀνθρώπων·,Disgust
οὐχ εὑρέθησαν ὑποστρέψαντες δοῦναι δόξαν τῷ θεῷ εἰ μὴ ὁ ἀλλογενὴς οὗτος;,Sadness
ἤκουον γὰρ αὐτῶν λαλούντων γλώσσαις καὶ μεγαλυνόντων τὸν θεόν.,Joy
"Διὰ τοῦτο ἐξομολογήσομαί σοι ἐν ἔθνεσι, καὶ τῷ ὀνόματί σου ψαλῶ.",Joy
"οὕτως καὶ ὑμεῖς, ὅταν ποιήσητε πάντα τὰ διαταχθέντα ὑμῖν, λέγετε ὅτι Δοῦλοι ἀχρεῖοί ἐσμεν, ὃ ὠφείλομεν ποιῆσαι πεποιήκαμεν.",Trust
Σὺ εἶ ὁ χριστὸς ὁ υἱὸς τοῦ εὐλογητοῦ;,Anger
"Μετὰ ταῦτα ἤκουσα ὡς φωνὴν μεγάλην ὄχλου πολλοῦ ἐν τῷ οὐρανῷ λεγόντων· Ἁλληλουϊά· ἡ σωτηρία καὶ ἡ δόξα καὶ ἡ δύναμις τοῦ θεοῦ ἡμῶν,",Joy
καὶ οἱ προάγοντες καὶ οἱ ἀκολουθοῦντες ἔκραζον· Ὡσαννά· Εὐλογημένος ὁ ἐρχόμενος ἐν ὀνόματι κυρίου·,Joy
Εὐλογημένη ἡ ἐρχομένη βασιλεία τοῦ πατρὸς ἡμῶν Δαυίδ· Ὡσαννὰ ἐν τοῖς ὑψίστοις.,Joy
οἱ δὲ ὄχλοι οἱ προάγοντες αὐτὸν καὶ οἱ ἀκολουθοῦντες ἔκραζον λέγοντες· Ὡσαννὰ τῷ υἱῷ Δαυίδ·,Joy
"οὗτοί εἰσιν γογγυσταί, μεμψίμοιροι, κατὰ τὰς ἐπιθυμίας αὐτῶν πορευόμενοι, καὶ τὸ στόμα αὐτῶν λαλεῖ ὑπέρογκα, θαυμάζοντες πρόσωπα ὠφελείας χάριν.",Disgust
καὶ διὰ τῆς χρηστολογίας καὶ εὐλογίας ἐξαπατῶσι τὰς καρδίας τῶν ἀκάκων.,Disgust
"οὔτε γάρ ποτε ἐν λόγῳ κολακείας ἐγενήθημεν, καθὼς οἴδατε, οὔτε ἐν προφάσει πλεονεξίας, θεὸς μάρτυς,",Trust
ἵνα καθὼς γέγραπται· Ὁ καυχώμενος ἐν κυρίῳ καυχάσθω.,Joy
Οὐ καλὸν τὸ καύχημα ὑμῶν.,Disgust
νῦν δὲ καυχᾶσθε ἐν ταῖς ἀλαζονείαις ὑμῶν· πᾶσα καύχησις τοιαύτη πονηρά ἐστιν.,Disgust
"ὥστε αὐτοὺς ἡμᾶς ἐν ὑμῖν ἐγκαυχᾶσθαι ἐν ταῖς ἐκκλησίαις τοῦ θεοῦ ὑπὲρ τῆς ὑπομονῆς ὑμῶν καὶ πίστεως ἐν πᾶσιν τοῖς διωγμοῖς ὑμῶν καὶ ταῖς θλίψεσιν αἷς ἀνέχεσθε,",Joy
οὕτως καὶ ἡ γλῶσσα μικρὸν μέλος ἐστὶν καὶ μεγάλα αὐχεῖ.,Disgust
μὴ κατακαυχῶ τῶν κλάδων·,Anger
ὅτι καύχημα ὑμῶν ἐσμεν καθάπερ καὶ ὑμεῖς ἡμῶν ἐν τῇ ἡμέρᾳ τοῦ κυρίου ἡμῶν Ἰησοῦ.,Joy
"Ἡ γὰρ καύχησις ἡμῶν αὕτη ἐστίν, τὸ μαρτύριον τῆς συνειδήσεως ἡμῶν, ὅτι ἐν ἁγιότητι καὶ εἰλικρινείᾳ τοῦ θεοῦ...ἀνεστράφημεν ἐν τῷ κόσμῳ,",Joy
"ἐὰν γὰρ εὐαγγελίζωμαι, οὐκ ἔστιν μοι καύχημα, ἀνάγκη γάρ μοι ἐπίκειται·",Trust
"καὶ τὸ στόμα αὐτῶν λαλεῖ ὑπέρογκα,",Disgust
"διὰ τοῦτο, ἐὰν ἔλθω, ὑπομνήσω αὐτοῦ τὰ ἔργα ἃ ποιεῖ, λόγοις πονηροῖς φλυαρῶν ἡμᾶς,",Anger
"οὐ μόνον δὲ ἀργαὶ ἀλλὰ καὶ φλύαροι καὶ περίεργοι, λαλοῦσαι τὰ μὴ δέοντα.",Disgust
τὰς δὲ βεβήλους κενοφωνίας περιΐστασο·,Disgust
"ὧν τινες ἀστοχήσαντες ἐξετράπησαν εἰς ματαιολογίαν,",Sadness
"Εἰσὶν γὰρ πολλοὶ καὶ ἀνυπότακτοι, ματαιολόγοι καὶ φρεναπάται, μάλιστα οἱ ἐκ τῆς περιτομῆς,",Anger
"καὶ αἰσχρότης καὶ μωρολογία ἢ εὐτραπελία, ἃ οὐκ ἀνῆκεν, ἀλλὰ μᾶλλον εὐχαριστία.",Disgust
"καὶ ἐφάνησαν ἐνώπιον αὐτῶν ὡσεὶ λῆρος τὰ ῥήματα ταῦτα, καὶ ἠπίστουν αὐταῖς.",Surprise
Τί ἂν θέλοι ὁ σπερμολόγος οὗτος λέγειν;,Disgust
"Ἐγόγγυζον οὖν οἱ Ἰουδαῖοι περὶ αὐτοῦ ὅτι εἶπεν· Ἐγώ εἰμι ὁ ἄρτος ὁ καταβὰς ἐκ τοῦ οὐρανοῦ,",Anger
ἐγένετο γογγυσμὸς τῶν Ἑλληνιστῶν πρὸς τοὺς Ἑβραίους ὅτι παρεθεωροῦντο ἐν τῇ διακονίᾳ τῇ καθημερινῇ αἱ χῆραι αὐτῶν.,Anger
καὶ ἰδόντες πάντες διεγόγγυζον λέγοντες ὅτι Παρὰ ἁμαρτωλῷ ἀνδρὶ εἰσῆλθεν καταλῦσαι.,Anger
"μή πως ἔρις, ζῆλος, θυμοί, ἐριθεῖαι, καταλαλιαί, ψιθυρισμοί, φυσιώσεις, ἀκαταστασίαι·",Fear
"μεστοὺς φθόνου φόνου ἔριδος δόλου κακοηθείας, ψιθυριστάς, καταλάλους,",Disgust
καὶ οἱ συνεσταυρωμένοι σὺν αὐτῷ ὠνείδιζον αὐτόν.,Anger
"τοῦτο μὲν ὀνειδισμοῖς τε καὶ θλίψεσιν θεατριζόμενοι,",Sadness
"Διδάσκαλε, ταῦτα λέγων καὶ ἡμᾶς ὑβρίζεις.",Anger
καὶ τὸ πνεῦμα τῆς χάριτος ἐνυβρίσας.,Anger
"διὸ εὐδοκῶ ἐν ἀσθενείαις, ἐν ὕβρεσιν, ἐν ἀνάγκαις, ἐν διωγμοῖς καὶ στενοχωρίαις, ὑπὲρ Χριστοῦ·",Joy
τὸ πρότερον ὄντα βλάσφημον καὶ διώκτην καὶ ὑβριστήν·,Sadness
"λοιδορούμενοι εὐλογοῦμεν,",Joy
"ὃς λοιδορούμενος οὐκ ἀντελοιδόρει, πάσχων οὐκ ἠπείλει,",Trust
"Μακάριοί ἐστε ὅταν μισήσωσιν ὑμᾶς οἱ ἄνθρωποι, καὶ ὅταν ἀφορίσωσιν ὑμᾶς καὶ ὀνειδίσωσιν καὶ ἐκβάλωσιν τὸ ὄνομα ὑμῶν ὡς πονηρὸν ἕνεκα τοῦ υἱοῦ τοῦ ἀνθρώπου·",Joy
δυσφημούμενοι παρακαλοῦμεν·,Joy
καὶ μὴ καθὼς βλασφημούμεθα καὶ καθώς φασίν τινες ἡμᾶς λέγειν ὅτι Ποιήσωμεν τὰ κακὰ ἵνα ἔλθῃ τὰ ἀγαθά;,Anger
"τὸ γὰρ ὄνομα τοῦ θεοῦ διʼ ὑμᾶs βλασφημεῖται ἐν τοῖς ἔθνεσιν, καθὼς γέγραπται.",Sadness
"οἱ δὲ παραπορευόμενοι ἐβλασφήμουν αὐτὸν κινοῦντες τὰς κεφαλὰς αὐτῶν,",Anger
"ἐκ γὰρ τῆς καρδίας ἐξέρχονται διαλογισμοὶ πονηροί, φόνοι, μοιχεῖαι, πορνεῖαι, κλοπαί, ψευδομαρτυρίαι, βλασφημίαι.",Disgust
Τίς ἐστιν οὗτος ὃς λαλεῖ βλασφημίας;,Anger
τότε ὑπέβαλον ἄνδρας λέγοντας ὅτι Ἀκηκόαμεν αὐτοῦ λαλοῦντος ῥήματα βλάσφημα εἰς Μωϋσῆν καὶ τὸν θεόν·,Anger
"μή πως ἔρις, ζῆλος, θυμοί, ἐριθεῖαι, καταλαλιαί, ψιθυρισμοί, φυσιώσεις, ἀκαταστασίαι·",Fear
"μεστοὺς φθόνου φόνου ἔριδος δόλου κακοηθείας, ψιθυριστάς,",Disgust
"ἐνέπαιξαν δὲ αὐτῷ καὶ οἱ στρατιῶται προσερχόμενοι, ὄξος προσφέροντες αὐτῷ,",Anger
"ἕτεροι δὲ ἐμπαιγμῶν καὶ μαστίγων πεῖραν ἔλαβον, ἔτι δὲ δεσμῶν καὶ φυλακῆς·",Sadness
"τοῦτο πρῶτον γινώσκοντες ὅτι ἐλεύσονται ἐπʼ ἐσχάτων τῶν ἡμερῶν ἐν ἐμπαιγμονῇ ἐμπαῖκται κατὰ τὰς ἰδίας ἐπιθυμίας αὐτῶν πορευόμενοι,",Disgust
ὅτι ἔλεγον ὑμῖν· Ἐπʼ ἐσχάτου χρόνου ἔσονται ἐμπαῖκται κατὰ τὰς ἑαυτῶν ἐπιθυμίας πορευόμενοι τῶν ἀσεβειῶν.,Disgust
Ἀκούσαντες δὲ ἀνάστασιν νεκρῶν οἱ μὲν ἐχλεύαζον οἱ δὲ εἶπαν Ἀκουσόμεθά σου περὶ τούτου καὶ πάλιν.,Disgust
ἕτεροι δὲ διαχλευάζοντες ἔλεγον ὅτι Γλεύκους μεμεστωμένοι εἰσίν.,Disgust
"μὴ πλανᾶσθε, θεὸς οὐ μυκτηρίζεται·",Fear
"Ἤκουον δὲ ταῦτα πάντα οἱ Φαρισαῖοι φιλάργυροι ὑπάρχοντες, καὶ ἐξεμυκτήριζον αὐτόν.",Disgust
"καὶ κατεγέλων αὐτοῦ, εἰδότες ὅτι ἀπέθανεν.",Disgust
"Καὶ οἱ παραπορευόμενοι ἐβλασφήμουν αὐτὸν κινοῦντες τὰς κεφαλὰς αὐτῶν καὶ λέγοντες· Οὐὰ ὁ καταλύων τὸν ναὸν καὶ οἰκοδομῶν ἐν τρισὶν ἡμέραις,",Anger
"ὅτε δὲ ἀνέβη Πέτρος εἰς Ἰερουσαλήμ, διεκρίνοντο πρὸς αὐτὸν οἱ ἐκ περιτομῆς,",Anger
Ἡ ἐμὴ ἀπολογία τοῖς ἐμὲ ἀνακρίνουσίν ἐστιν αὕτη.,Anger
σὺ τίς εἶ ὁ ἀνταποκρινόμενος τῷ θεῷ;,Fear
"μηδεμίαν ἐν μηδενὶ διδόντες προσκοπήν, ἵνα μὴ μωμηθῇ ἡ διακονία,",Fear
"οὐ μόνον δὲ τοῦτο κινδυνεύει ἡμῖν τὸ μέρος εἰς ἀπελεγμὸν ἐλθεῖν, ἀλλὰ καὶ τὸ τῆς μεγάλης θεᾶς Ἀρτέμιδος ἱερὸν εἰς οὐθὲν λογισθῆναι,",Fear
"ὁ δὲ Ἡρῴδης ὁ τετράρχης, ἐλεγχόμενος ὑπʼ αὐτοῦ περὶ Ἡρῳδιάδος τῆς γυναικὸς τοῦ ἀδελφοῦ αὐτοῦ καὶ περὶ πάντων ὧν ἐποίησεν πονηρῶν ὁ Ἡρῴδης,",Anger
"καὶ μὴ συγκοινωνεῖτε τοῖς ἔργοις τοῖς ἀκάρποις τοῦ σκότους, μᾶλλον δὲ καὶ ἐλέγχετε,",Disgust
ἔλεγξιν δὲ ἔσχεν ἰδίας παρανομίας·,Disgust
"παρακαλοῦμεν δὲ ὑμᾶς, ἀδελφοί, νουθετεῖτε τοὺς ἀτάκτους, παραμυθεῖσθε τοὺς ὀλιγοψύχους, ἀντέχεσθε τῶν ἀσθενῶν, μακροθυμεῖτε πρὸς πάντας.",Trust
"καὶ προσλαβόμενος αὐτὸν ὁ Πέτρος ἤρξατο ἐπιτιμᾶν αὐτῷ λέγων· Ἵλεώς σοι, κύριε· οὐ μὴ ἔσται σοι τοῦτο.",Trust
"Πρεσβυτέρῳ μὴ ἐπιπλήξῃς, ἀλλὰ παρακάλει ὡς πατέρα,",Trust
καὶ ἐνεβριμῶντο αὐτῇ.,Anger
"Τότε ἤρξατο ὀνειδίζειν τὰς πόλεις ἐν αἷς ἐγένοντο αἱ πλεῖσται δυνάμεις αὐτοῦ, ὅτι οὐ μετενόησαν·",Sadness
ἃ προλέγω ὑμῖν καθὼς προεῖπον ὅτι οἱ τὰ τοιαῦτα πράσσοντες βασιλείαν θεοῦ οὐ κληρονομήσουσιν.,Fear
"ἐγράφη δὲ πρὸς νουθεσίαν ἡμῶν, εἰς οὓς τὰ τέλη τῶν αἰώνων κατήντηκεν.",Fear
"ὅπως διαμαρτύρηται αὐτοῖς, ἵνα μὴ καὶ αὐτοὶ ἔλθωσιν εἰς τὸν τόπον τοῦτον τῆς βασάνου.",Fear
"μεταξὺ ἀλλήλων τῶν λογισμῶν κατηγορούντων ἢ καὶ ἀπολογουμένων,",Fear
τίς ἐγκαλέσει κατὰ ἐκλεκτῶν θεοῦ;,Joy
"ὅτι ἐβλήθη ὁ κατήγωρ τῶν ἀδελφῶν ἡμῶν,",Joy
"περὶ οὗ σταθέντες οἱ κατήγοροι οὐδεμίαν αἰτίαν ἔφερον ὧν ἐγὼ ὑπενόουν πονηρῶν,",Surprise
"προῃτιασάμεθα γὰρ Ἰουδαίους τε καὶ Ἕλληνας πάντας ὑφʼ ἁμαρτίαν εἶναι,",Sadness
Τί οὖν ἔτι μέμφεται;,Anger
μεμφόμενος γὰρ αὐτοὺς λέγει·,Sadness
"παραστῆσαι ὑμᾶς ἁγίους καὶ ἀμώμους καὶ ἀνεγκλήτους κατενώπιον αὐτοῦ,",Joy
ὁ δὲ Ἀλέξανδρος κατασείσας τὴν χεῖρα ἤθελεν ἀπολογεῖσθαι τῷ δήμῳ.,Fear
"Ἐν τῇ πρώτῃ μου ἀπολογίᾳ οὐδείς μοι παρεγένετο, ἀλλὰ πάντες με ἐγκατέλιπον·",Sadness
νῦν δὲ πρόφασιν οὐκ ἔχουσιν περὶ τῆς ἁμαρτίας αὐτῶν.,Sadness
"Διὸ ἀναπολόγητος εἶ, ὦ ἄνθρωπε πᾶς ὁ κρίνων·",Anger
"τινὲς δὲ καὶ τῶν Ἐπικουρείων καὶ Στοϊκῶν φιλοσόφων συνέβαλλον αὐτῷ,",Disgust
καὶ γραμματεῖς συζητοῦντας πρὸς αὐτούς.,Anger
"καὶ ἀπῆλθον οἱ Ἰουδαῖοι, πολλὴν ἔχοντες ἐν ἑαυτοῖς συζήτησιν.",Anger
"εἰ δὲ ζητήματά ἐστιν περὶ λόγου καὶ ὀνομάτων καὶ νόμου τοῦ καθʼ ὑμᾶς, ὄψεσθε αὐτοί·",Disgust
Ἐγένετο οὖν ζήτησις ἐκ τῶν μαθητῶν Ἰωάννου μετὰ Ἰουδαίου περὶ καθαρισμοῦ.,Anticipation
ποῦ συζητητὴς τοῦ αἰῶνος τούτου;,Disgust
αἵτινες ἐκζητήσεις παρέχουσι μᾶλλον ἢ οἰκονομίαν θεοῦ τὴν ἐν πίστει.,Sadness
εὐτόνως γὰρ τοῖς Ἰουδαίοις διακατηλέγχετο δημοσίᾳ ἐπιδεικνὺς διὰ τῶν γραφῶν εἶναι τὸν χριστὸν Ἰησοῦν.,Joy
"ὁ δὲ Μιχαὴλ ὁ ἀρχάγγελος, ὅτε τῷ διαβόλῳ διακρινόμενος διελέγετο περὶ τοῦ Μωϋσέως σώματος, οὐκ ἐτόλμησεν κρίσιν ἐπενεγκεῖν βλασφημίας,",Fear
μὴ εἰς διακρίσεις διαλογισμῶν.,Trust
καὶ πάσης αὐτοῖς ἀντιλογίας πέρας εἰς βεβαίωσιν ὁ ὅρκος·,Trust
πρὸς ἀλλήλους γὰρ διελέχθησαν ἐν τῇ ὁδῷ τίς μείζων.,Sadness
"Εἰσῆλθεν δὲ διαλογισμὸς ἐν αὐτοῖς, τὸ τίς ἂν εἴη μείζων αὐτῶν.",Sadness
"οὐκ ἐρίσει οὐδὲ κραυγάσει,",Trust
"ὅπου γὰρ ἐν ὑμῖν ζῆλος καὶ ἔρις, οὐχὶ σαρκικοί ἐστε καὶ κατὰ ἄνθρωπον περιπατεῖτε;",Sadness
"ἐγένετο στάσις τῶν Φαρισαίων καὶ Σαδδουκαίων, καὶ ἐσχίσθη τὸ πλῆθος.",Anger
"Ἐγένετο δὲ καὶ φιλονεικία ἐν αὐτοῖς, τὸ τίς αὐτῶν δοκεῖ εἶναι μείζων.",Sadness
"εἰ δέ τις δοκεῖ φιλόνεικος εἶναι, ἡμεῖς τοιαύτην συνήθειαν οὐκ ἔχομεν, οὐδὲ αἱ ἐκκλησίαι τοῦ θεοῦ.",Disgust
"ἐγένετο δὲ παροξυσμὸς ὥστε ἀποχωρισθῆναι αὐτοὺς ἀπʼ ἀλλήλων,",Anger
"διαπαρατριβαὶ διεφθαρμένων ἀνθρώπων τὸν νοῦν καὶ ἀπεστερημένων τῆς ἀληθείας,",Disgust
"ἀλλὰ νοσῶν περὶ ζητήσεις καὶ λογομαχίας, ἐξ ὧν γίνεται φθόνος, ἔρις, βλασφημίαι, ὑπόνοιαι πονηραί,",Disgust
περὶ μὲν γὰρ τῆς αἱρέσεως ταύτης γνωστὸν ἡμῖν ἐστιν ὅτι πανταχοῦ ἀντιλέγεται.,Sadness
χωρὶς δὲ πάσης ἀντιλογίας τὸ ἔλαττον ὑπὸ τοῦ κρείττονος εὐλογεῖται.,Trust
ἀναντιρρήτων οὖν ὄντων τούτων δέον ἐστὶν ὑμᾶς κατεσταλμένους ὑπάρχειν καὶ μηδὲν προπετὲς πράσσειν.,Fear
διὸ καὶ ἀναντιρρήτως ἦλθον μεταπεμφθείς.,Trust
"εὐλογεῖτε τοὺς διώκοντας, εὐλογεῖτε καὶ μὴ καταρᾶσθε.",Trust
ἐκ τοῦ αὐτοῦ στόματος ἐξέρχεται εὐλογία καὶ κατάρα.,Disgust
καὶ ἐναγκαλισάμενος αὐτὰ κατευλόγει τιθεὶς τὰς χεῖρας ἐπʼ αὐτά.,Joy
"Ῥαββί, ἴδε ἡ συκῆ ἣν κατηράσω ἐξήρανται.",Surprise
ἐκ τοῦ αὐτοῦ στόματος ἐξέρχεται εὐλογία καὶ κατάρα.,Disgust
Ἀναθέματι ἀνεθεματίσαμεν ἑαυτοὺς μηδενὸς γεύσασθαι ἕως οὗ ἀποκτείνωμεν τὸν Παῦλον.,Anticipation
ὁ δὲ ἤρξατο ἀναθεματίζειν καὶ ὀμνύναι ὅτι Οὐκ οἶδα τὸν ἄνθρωπον τοῦτον ὃν λέγετε.,Fear
τότε ἤρξατο καταθεματίζειν καὶ ὀμνύειν ὅτι Οὐκ οἶδα τὸν ἄνθρωπον.,Fear
ὧν τὸ στόμα ἀρᾶς καὶ πικρίας γέμει·,Disgust
"Ὅσοι γὰρ ἐξ ἔργων νόμου εἰσὶν ὑπὸ κατάραν εἰσίν,",Fear
"ηὐχόμην γὰρ ἀνάθεμα εἶναι αὐτὸς ἐγὼ ἀπὸ τοῦ Χριστοῦ ὑπὲρ τῶν ἀδελφῶν μου τῶν συγγενῶν μου κατὰ σάρκα,",Trust
καὶ πᾶν κατάθεμα οὐκ ἔσται ἔτι.,Joy
"Ἐπικατάρατος πᾶς ὁ κρεμάμενος ἐπὶ ξύλου,",Fear
ἀλλὰ ὁ ὄχλος οὗτος ὁ μὴ γινώσκων τὸν νόμον ἐπάρατοί εἰσιν.,Disgust
Ἐπικατάρατος πᾶς ὃς οὐκ ἐμμένει πᾶσιν τοῖς γεγραμμένοις ἐν τῷ βιβλίῳ τοῦ νόμου τοῦ ποιῆσαι αὐτά.,Fear
"οὐ μέγα οὖν εἰ καὶ οἱ διάκονοι αὐτοῦ μετασχηματίζονται ὡς διάκονοι δικαιοσύνης, ὧν τὸ τέλος ἔσται κατὰ τὰ ἔργα αὐτῶν.",Disgust
θάμβος γὰρ περιέσχεν αὐτὸν καὶ πάντας τοὺς σὺν αὐτῷ ἐπὶ τῇ ἄγρᾳ τῶν ἰχθύων ὧν συνέλαβον·,Surprise
"καὶ ἐθαμβήθησαν ἅπαντες, ὥστε συζητεῖν πρὸς ἑαυτοὺς λέγοντας· Τί ἐστιν τοῦτο;",Surprise
"Ἦσαν δὲ ἐν τῇ ὁδῷ ἀναβαίνοντες εἰς Ἱεροσόλυμα, καὶ ἦν προάγων αὐτοὺς ὁ Ἰησοῦς, καὶ ἐθαμβοῦντο, οἱ δὲ ἀκολουθοῦντες ἐφοβοῦντο.",Fear
"καὶ εὐθὺς πᾶς ὁ ὄχλος ἰδόντες αὐτὸν ἐξεθαμβήθησαν, καὶ προστρέχοντες ἠσπάζοντο αὐτόν.",Surprise
"καὶ εἰσελθοῦσαι εἰς τὸ μνημεῖον εἶδον νεανίσκον καθήμενον ἐν τοῖς δεξιοῖς, περιβεβλημένον στολὴν λευκήν, καὶ ἐξεθαμβήθησαν.",Surprise
Κρατοῦντος δὲ αὐτοῦ τὸν Πέτρον καὶ τὸν Ἰωάννην συνέδραμεν πᾶς ὁ λαὸς πρὸς αὐτοὺς ἐπὶ τῇ στοᾷ τῇ καλουμένῃ Σολομῶνος ἔκθαμβοι.,Surprise
καὶ εἶδον τὴν γυναῖκα μεθύουσαν ἐκ τοῦ αἵματος τῶν ἁγίων καὶ ἐκ τοῦ αἵματος τῶν μαρτύρων Ἰησοῦ. καὶ ἐθαύμασα ἰδὼν αὐτὴν θαῦμα μέγα.,Disgust
"καὶ μία ἐκ τῶν κεφαλῶν αὐτοῦ ὡς ἐσφαγμένην εἰς θάνατον, καὶ ἡ πληγὴ τοῦ θανάτου αὐτοῦ ἐθεραπεύθη. καὶ ἐθαυμάσθη ὅλη ἡ γῆ ὀπίσω τοῦ θηρίου.",Surprise
ὁ δὲ Μωϋσῆς ἰδὼν ἐθαύμαζεν τὸ ὅραμα· προσερχομένου δὲ αὐτοῦ κατανοῆσαι ἐγένετο φωνὴ Κυρίου·,Surprise
ὁ δὲ Ἰησοῦς εἶπεν αὐτοῖς· Τὰ Καίσαρος ἀπόδοτε Καίσαρι καὶ τὰ τοῦ Θεοῦ τῷ Θεῷ. καὶ ἐξεθαύμαζον ἐπ’ αὐτῷ.,Surprise
"καὶ ᾄδουσιν τὴν ᾠδὴν Μωϋσέως τοῦ δούλου τοῦ Θεοῦ καὶ τὴν ᾠδὴν τοῦ Ἀρνίου, λέγοντες· Μεγάλα καὶ θαυμαστὰ τὰ ἔργα σου, Κύριε ὁ Θεὸς ὁ Παντοκράτωρ· δίκαιαι καὶ ἀληθιναὶ αἱ ὁδοί σου, ὁ Βασιλεὺς τῶν ἐθνῶν.",Fear
καὶ οὐ θαῦμα· αὐτὸς γὰρ ὁ Σατανᾶς μετασχηματίζεται εἰς ἄγγελον φωτός.,Disgust
"καὶ εὐθὺς ἀνέστη τὸ κοράσιον καὶ περιεπάτει, ἦν γὰρ ἐτῶν δώδεκα. καὶ ἐξέστησαν ἐκστάσει μεγάλῃ.",Surprise
"καὶ ἔκστασις ἔλαβεν ἅπαντας καὶ ἐδόξαζον τὸν Θεόν, καὶ ἐπλήσθησαν φόβου λέγοντες ὅτι Εἴδομεν παράδοξα σήμερον.",Fear
ἐξίσταντο δὲ πάντες οἱ ἀκούοντες αὐτοῦ ἐπὶ τῇ συνέσει καὶ ταῖς ἀποκρίσεσιν αὐτοῦ.,Surprise
"τότε ἰδὼν ὁ ἀνθύπατος τὸ γεγονὸς ἐπίστευσεν, ἐκπλησσόμενος ἐπὶ τῇ διδαχῇ τοῦ Κυρίου.",Surprise
"ἀλλὰ καὶ γυναῖκές τινες ἐξ ἡμῶν ἐξέστησαν ἡμᾶς, γενόμεναι ὀρθριναὶ ἐπὶ τὸ μνημεῖον",Surprise
"Ἀνὴρ δέ τις ὀνόματι Σίμων προϋπῆρχεν ἐν τῇ πόλει μαγεύων καὶ ἐξιστάνων τὸ ἔθνος τῆς Σαμαρείας, λέγων εἶναί τινα ἑαυτὸν μέγαν.",Surprise
"Σαῦλος δὲ μᾶλλον ἐνεδυναμοῦτο καὶ συνέχυννεν τοὺς Ἰουδαίους τοὺς κατοικοῦντας ἐν Δαμασκῷ, συμβιβάζων ὅτι οὗτός ἐστιν ὁ Χριστός.",Surprise
"Ὡς δὲ ἔμελλον αἱ ἑπτὰ ἡμέραι συντελεῖσθαι, οἱ ἀπὸ τῆς Ἀσίας Ἰουδαῖοι θεασάμενοι αὐτὸν ἐν τῷ ἱερῷ συνέχεον πάντα τὸν ὄχλον, καὶ ἐπέβαλον ἐπ’ αὐτὸν τὰς χεῖρας,",Anger
"ὁ δὲ στυγνάσας ἐπὶ τῷ λόγῳ ἀπῆλθεν λυπούμενος, ἦν γὰρ ἔχων κτήματα πολλά.",Sadness
"καὶ ἐλθὼν ὁ σὲ καὶ αὐτὸn καλέσας ἐρεῖ σοι· Δὸς τούτῳ τόπον, καὶ τότε ἄρξῃ μετ’ αἰσχύνης τὸν ἔσχατον τόπον κατέχειν.",Sadness
"σκάπτειν οὐκ ἰσχύω, ἐπαιτεῖν αἰσχύνομαι.",Fear
"ὧν τὸ τέλος ἀπώλεια, ὧν ὁ θεὸς ἡ κοιλία καὶ ἡ δόξα ἐν τῇ αἰσχύνῃ αὐτῶν, οἱ τὰ ἐπίγεια φρονοῦντες.",Disgust
"ποῖον οὖν καρπὸν εἴχετε τότε, ἐφ’ οἷς νῦν ἐπαισχύνεσθε;",Disgust
"ἐκνήψατε δικαίως καὶ μὴ ἁμαρτάνετε, πρὸς ἐντροπὴν γὰρ ὑμῖν λαλῶ.",Anger
"οὐκ ἐντρέπων ὑμᾶς γράφω ταῦτα, ἀλλ’ ὡς τέκνα μου ἀγαπητὰ νουθετῶν.",Trust
οἵτινες ἀπηλγηκότες ἑαυτοὺς παρέδωκαν τῇ ἀσελγείᾳ εἰς ἐργασίαν ἀκαθαρσίας πάσης ἐν πλεονεξίᾳ.,Disgust
"μὴ πάλιν ἐλθόντος μου ταπεινώσῃ με ὁ θεός μου πρὸς ὑμᾶς, καὶ πενθήσω πολλοὺς τῶν προημαρτηκότων καὶ μὴ μετανοησάντων ἐπὶ τῇ ἀκαθαρσίᾳ καὶ πορνείᾳ καὶ ἀσελγείᾳ ᾗ ἔπραξαν.",Anticipation
"Ἰωσὴφ δὲ ὁ ἀνὴρ αὐτῆς, δίκαιος ὢν καὶ μὴ θέλων αὐτὴν δειγματίσαι, ἐβουλήθη λάθρᾳ ἀπολῦσαι αὐτήν.",Trust
"καὶ παραπεσόντας, πάλιν ἀνακαινίζειν εἰς μετάνοιαν, ἀνασταυροῦντας ἑαυτοῖς τὸν υἱὸν τοῦ θεοῦ καὶ παραδειγματίζοντας.",Disgust
"τοῦτο μὲν ὀνειδισμοῖς τε καὶ θλίψεσιν θεατριζόμενοι, τοῦτο δὲ κοινωνοὶ τῶν οὕτως ἀναστρεφομένων γενηθέντες.",Sadness
"Ἰδοὺ ἔρχομαι ὡς κλέπτης. μακάριος ὁ γρηγορῶν καὶ τηρῶν τὰ ἱμάτια αὐτοῦ, ἵνα μὴ γυμνὸς περιπατῇ καὶ βλέπωσιν τὴν ἀσχημοσύνην αὐτοῦ.",Fear
"ὅτι εἰ καὶ ἐλύπησα ὑμᾶς ἐν τῇ ἐπιστολῇ, οὐ μεταμέλομαι· εἰ καὶ μετεμελόμην, βλέπω γὰρ ὅτι ἡ ἐπιστολὴ ἐκείνη εἰ καὶ πρὸς ὥραν ἐλύπησεν ὑμᾶς,",Sadness
ἡ γὰρ κατὰ θεὸν λύπη μετάνοιαν εἰς σωτηρίαν ἀμεταμέλητον ἐργάζεται·,Anticipation
"καὶ ἀναστὰς ἀπὸ τῆς προσευχῆς ἐλθὼν πρὸς τοὺς μαθητὰς εὗρεν αὐτοὺς κοιμωμένους ἀπὸ τῆς λύπης,",Sadness
"νῦν χαίρω, οὐχ ὅτι ἐλυπήθητε, ἀλλ’ ὅτι ἐλυπήθητε εἰς μετάνοιαν·",Sadness
"ὁ δὲ στυγνάσας ἐπὶ τῷ λόγῳ ἀπῆλθεν λυπούμενος, ἦν γὰρ ἔχων κτήματα πολλά.",Sadness
"Εἰ δέ τις λελύπηκεν, οὐκ ἐμὲ λελύπηκεν, ἀλλὰ ἀπὸ μέρους ἵνα μὴ ἐπιβαρῶ πάντας ὑμᾶς.",Sadness
"καὶ περιβλεψάμενος αὐτοὺς μετ’ ὀργῆς, συλλυπούμενος ἐπὶ τῇ πωρώσει τῆς καρδίας αὐτῶν, λέγει τῷ ἀνθρώπῳ·",Anger
τότε λέγει αὐτοῖς· Περίλυπός ἐστιν ἡ ψυχή μου ἕως θανάτου·,Sadness
"σπουδαιοτέρως οὖν ἔπεμψα αὐτόν, ἵνα ἰδόντες αὐτὸν πάλιν χαρῆτε κἀγὼ ἀλυπότερος ὦ.",Anticipation
"καὶ σοῦ δὲ αὐτῆς τὴν ψυχὴν διελεύσεται ῥομφαία,",Sadness
βλέμματι γὰρ καὶ ἀκοῇ ὁ δίκαιος ἐγκατοικῶν ἐν αὐτοῖς ἡμέραν ἐξ ἡμέρας ψυχὴν δικαίαν ἀνόμοις ἔργοις ἐβασάνιζεν.,Disgust
"Ἀκούσαντες δὲ κατενύγησαν τὴν καρδίαν, εἶπόν τε πρὸς τὸν Πέτρον καὶ τοὺς λοιποὺς ἀποστόλους·",Sadness
τότε ἀπεκρίθη ὁ Παῦλος· Τί ποιεῖτε κλαίοντες καὶ συνθρύπτοντές μου τὴν καρδίαν;,Sadness
καὶ γενόμενος ἐν ἀγωνίᾳ ἐκτενέστερον προσηύχετο·,Fear
καὶ ἐξελθὼν ἔξω ἔκλαυσεν πικρῶς.,Sadness
"ὥστε τοὐναντίον μᾶλλον ὑμᾶς χαρίσασθαι καὶ παρακαλέσαι, μήπως τῇ περισσοτέρᾳ λύπῃ καταποθῇ ὁ τοιοῦτος.",Fear
"ὁ δὲ στυγνάσας ἐπὶ τῷ λόγῳ ἀπῆλθεν λυπούμενος, ἦν γὰρ ἔχων κτήματα πολλά.",Sadness
καὶ ὑπομονὴν ἔχεις καὶ ἐβάστασας διὰ τὸ ὄνομά μου καὶ οὐ κεκοπίακες.,Trust
"ἀποψυχόντων ἀνθρώπων ἀπὸ φόβου καὶ προσδοκίας τῶν ἐπερχομένων τῇ οἰκουμένῃ,",Fear
"ἰδὼν δὲ τοὺς ὄχλους ἐσπλαγχνίσθη περὶ αὐτῶν, ὅτι ἦσαν ἐσκυλμένοι καὶ ἐρριμμένοι ὡσεὶ πρόβατα μὴ ἔχοντα ποιμένα.",Sadness
ἀλλ’ ὁ παρακαλῶν τοὺς ταπεινοὺς παρεκάλεσεν ἡμᾶς ὁ θεὸς ἐν τῇ παρουσίᾳ Τίτου·,Sadness
ὁ βδελυσσόμενος τὰ εἴδωλα ἱεροσυλεῖς;,Disgust
"τοῖς δὲ δειλοῖς καὶ ἀπίστοις καὶ ἐβδελυγμένοις καὶ φονεῦσιν καὶ πόρνοις καὶ φαρμάκοις καὶ εἰδωλολάτραις καὶ πᾶσιν τοῖς ψευδέσιν τὸ μέρος αὐτῶν ἐν τῇ λίμνῃ τῇ καιομένῃ πυρὶ καὶ θείῳ, ὅ ἐστιν ὁ θάνατος ὁ δεύτερος.",Disgust
ὅτι τὸ ἐν ἀνθρώποις ὑψηλὸν βδέλυγμα ἐνώπιον τοῦ θεοῦ.,Disgust
"καὶ οὐ μὴ εἰσέλθῃ εἰς αὐτὴν πᾶν κοινὸν καὶ ὁ ποιῶν βδέλυγμα καὶ ψεῦδος, εἰ μὴ οἱ γεγραμμένοι ἐν τῷ βιβλίῳ τῆς ζωῆς τοῦ ἀρνίου.",Disgust
"θεὸν ὁμολογοῦσιν εἰδέναι, τοῖς δὲ ἔργοις ἀρνοῦνται, βδελυκτοὶ ὄντες καὶ ἀπειθεῖς καὶ πρὸς πᾶν ἔργον ἀγαθὸν ἀδόκιμοι.",Disgust
ὁ φιλῶν πατέρα ἢ μητέρα ὑπὲρ ἐμὲ οὐκ ἔστιν μου ἄξιος·,Trust
"⸀μοιχαλίδες, οὐκ οἴδατε ὅτι ἡ φιλία τοῦ κόσμου ἔχθρα τοῦ θεοῦ ἐστιν; ",Disgust
"Περὶ δὲ τῆς φιλαδελφίας οὐ χρείαν ἔχετε γράφειν ὑμῖν, αὐτοὶ γὰρ ὑμεῖς θεοδίδακτοί ἐστε εἰς τὸ ἀγαπᾶν ἀλλήλους· ",Trust
"ὅτε δὲ ἡ χρηστότης καὶ ἡ φιλανθρωπία ἐπεφάνη τοῦ σωτῆρος ἡμῶν θεοῦ, ",Joy
"ἔσονται γὰρ οἱ ἄνθρωποι φίλαυτοι, φιλάργυροι, ἀλαζόνες, ὑπερήφανοι, βλάσφημοι, γονεῦσιν ἀπειθεῖς, ἀχάριστοι, ἀνόσιοι, ",Disgust
"προδόται, προπετεῖς, τετυφωμένοι, φιλήδονοι μᾶλλον ἢ φιλόθεοι, ",Disgust
"ἄστοργοι, ἄσπονδοι, διάβολοι, ἀκρατεῖς, ἀνήμεροι, ἀφιλάγαθοι, ",Disgust
"ὁ πατὴρ ἀγαπᾷ τὸν υἱόν, καὶ πάντα δέδωκεν ἐν τῇ χειρὶ αὐτοῦ. ",Trust
"ἡμεῖς ⸀ἀγαπῶμεν, ὅτι αὐτὸς πρῶτος ἠγάπησεν ἡμᾶς. ",Trust
Ἡ ἀγάπη οὐδέποτε ⸀πίπτει.,Trust
"Ἰδοὺ ὁ παῖς μου ὃν ᾑρέτισα, ὁ ἀγαπητός μου ⸂εἰς ὃν⸃ εὐδόκησεν ἡ ψυχή μου· ",Joy
"ζηλοῦσιν ὑμᾶς οὐ καλῶς, ἀλλὰ ἐκκλεῖσαι ὑμᾶς θέλουσιν, ἵνα αὐτοὺς ζηλοῦτε. ",Disgust
μαρτυρῶ γὰρ αὐτοῖς ὅτι ζῆλον θεοῦ ἔχουσιν·,Sadness
"ἀναγγέλλων ἡμῖν τὴν ὑμῶν ἐπιπόθησιν, τὸν ὑμῶν ὀδυρμόν, τὸν ὑμῶν ζῆλον ὑπὲρ ἐμοῦ, ὥστε με μᾶλλον χαρῆναι. ",Joy
καὶ αὐτῶν δεήσει ὑπὲρ ὑμῶν ἐπιποθούντων ὑμᾶς διὰ τὴν ὑπερβάλλουσαν χάριν τοῦ θεοῦ ἐφʼ ὑμῖν.,Joy
"οὕτως ὁμειρόμενοι ὑμῶν εὐδοκοῦμεν μεταδοῦναι ὑμῖν οὐ μόνον τὸ εὐαγγέλιον τοῦ θεοῦ ἀλλὰ καὶ τὰς ἑαυτῶν ψυχάς, διότι ἀγαπητοὶ ἡμῖν ⸀ἐγενήθητε. ",Joy
"ὥστε, ἀδελφοί μου ἀγαπητοὶ καὶ ἐπιπόθητοι, χαρὰ καὶ στέφανός μου, οὕτως στήκετε ἐν κυρίῳ, ἀγαπητοί. ",Joy
"Σαμαρίτης δέ τις ὁδεύων ἦλθεν κατʼ αὐτὸν καὶ ⸀ἰδὼν ἐσπλαγχνίσθη, ",Joy
"μάρτυς γάρ ⸀μου ὁ θεός, ὡς ἐπιποθῶ πάντας ὑμᾶς ἐν σπλάγχνοις ⸂Χριστοῦ Ἰησοῦ⸃. ",Joy
"ὃν ἀνέπεμψά ⸂σοι αὐτόν, τοῦτʼ ἔστιν τὰ ἐμὰ σπλάγχνα⸃· ",Trust
"τὴν ὑπομονὴν Ἰὼβ ἠκούσατε, καὶ τὸ τέλος κυρίου ⸀εἴδετε, ὅτι πολύσπλαγχνός ἐστιν ⸂ὁ κύριος⸃ καὶ οἰκτίρμων. ",Fear
"Τὸ στόμα ἡμῶν ἀνέῳγεν πρὸς ὑμᾶς, Κορίνθιοι, ἡ καρδία ἡμῶν πεπλάτυνται· ",Joy
"οὐ στενοχωρεῖσθε ἐν ἡμῖν, στενοχωρεῖσθε δὲ ἐν τοῖς σπλάγχνοις ὑμῶν· ",Sadness
"ὃς δʼ ἂν ἔχῃ τὸν βίον τοῦ κόσμου καὶ θεωρῇ τὸν ἀδελφὸν αὐτοῦ χρείαν ἔχοντα καὶ κλείσῃ τὰ σπλάγχνα αὐτοῦ ἀπʼ αὐτοῦ, πῶς ἡ ἀγάπη τοῦ θεοῦ μένει ἐν αὐτῷ; ",Disgust
"Ἰησοῦς οὖν ὡς εἶδεν αὐτὴν κλαίουσαν καὶ τοὺς συνελθόντας αὐτῇ Ἰουδαίους κλαίοντας ἐνεβριμήσατο τῷ πνεύματι καὶ ἐτάραξεν ἑαυτόν, ",Anger
"οὐ γὰρ ἔχομεν ἀρχιερέα μὴ δυνάμενον συμπαθῆσαι ταῖς ἀσθενείαις ἡμῶν, ⸀πεπειρασμένον δὲ κατὰ πάντα καθʼ ὁμοιότητα χωρὶς ἁμαρτίας. ",Trust
"Ἐλπίζω δὲ ἐν κυρίῳ Ἰησοῦ Τιμόθεον ταχέως πέμψαι ὑμῖν, ἵνα κἀγὼ εὐψυχῶ γνοὺς τὰ περὶ ὑμῶν.",Anticipation
εὔθυμοι δὲ γενόμενοι πάντες καὶ αὐτοὶ προσελάβοντο τροφῆς.,Joy
"Ἐκ πολλῶν ἐτῶν ὄντα σε κριτὴν τῷ ἔθνει τούτῳ ἐπιστάμενος εὐθύμως τὰ περὶ ἐμαυτοῦ ἀπολογοῦμαι,",Trust
"ὅπως ἂν ἔλθωσιν καιροὶ ἀναψύξεως ἀπὸ προσώπου τοῦ κυρίου καὶ ἀποστείλῃ τὸν προκεχειρισμένον ὑμῖν χριστὸν Ἰησοῦν,",Anticipation
"δῴη ἔλεος ὁ κύριος τῷ Ὀνησιφόρου οἴκῳ, ὅτι πολλάκις με ἀνέψυξεν, καὶ τὴν ἅλυσίν μου οὐκ ἐπαισχύνθη·",Trust
τοῦτο δέ ἐστιν συμπαρακληθῆναι ἐν ὑμῖν διὰ τῆς ἐν ἀλλήλοις πίστεως ὑμῶν τε καὶ ἐμοῦ.,Anticipation
"οἱ οὖν Ἰουδαῖοι οἱ ὄντες μετʼ αὐτῆς ἐν τῇ οἰκίᾳ καὶ παραμυθούμενοι αὐτήν, ἰδόντες τὴν Μαριὰμ ὅτι ταχέως ἀνέστη καὶ ἐξῆλθεν, ἠκολούθησαν αὐτῇ δόξαντες ὅτι ὑπάγει εἰς τὸ μνημεῖον ἵνα κλαύσῃ ἐκεῖ.",Trust
"καὶ Ἰησοῦς ὁ λεγόμενος Ἰοῦστος, οἱ ὄντες ἐκ περιτομῆς, οὗτοι μόνοι συνεργοὶ εἰς τὴν βασιλείαν τοῦ θεοῦ, οἵτινες ἐγενήθησάν μοι παρηγορία.",Joy
Τότε προσελθόντες οἱ μαθηταὶ λέγουσιν αὐτῷ· Οἶδας ὅτι οἱ Φαρισαῖοι ἀκούσαντες τὸν λόγον ἐσκανδαλίσθησαν;,Anger
"ἡμεῖς δὲ κηρύσσομεν Χριστὸν ἐσταυρωμένον, Ἰουδαίοις μὲν σκάνδαλον ἔθνεσιν δὲ μωρίαν,",Disgust
"ἵνα δὲ μὴ ἐπὶ πλεῖόν σε ἐγκόπτω, παρακαλῶ ἀκοῦσαί σε ἡμῶν συντόμως τῇ σῇ ἐπιεικείᾳ.",Trust
ὁ δὲ εἶπεν αὐτῇ· Τί θέλεις; λέγει αὐτῷ· Εἰπὲ ἵνα καθίσωσιν οὗτοι οἱ δύο υἱοί μου εἷς ἐκ δεξιῶν ⸀σου καὶ εἷς ἐξ εὐωνύμων σου ἐν τῇ βασιλείᾳ σου.,Anticipation
"νῦν δὲ γνόντες θεόν, μᾶλλον δὲ γνωσθέντες ὑπὸ θεοῦ, πῶς ἐπιστρέφετε πάλιν ἐπὶ τὰ ἀσθενῆ καὶ πτωχὰ στοιχεῖα, οἷς πάλιν ἄνωθεν ⸀δουλεύειν θέλετε;",Sadness
εἰς τὸ μηκέτι ἀνθρώπων ἐπιθυμίαις ἀλλὰ θελήματι θεοῦ τὸν ἐπίλοιπον ἐν σαρκὶ βιῶσαι χρόνον.,Trust
"Ἀγρίππας δὲ πρὸς τὸν ⸀Φῆστον· Ἐβουλόμην καὶ αὐτὸς τοῦ ἀνθρώπου ἀκοῦσαι. ⸀Αὔριον, φησίν, ἀκούσῃ αὐτοῦ.",Anticipation
"ἀρκετὸς ⸀γὰρ ὁ παρεληλυθὼς ⸀χρόνος τὸ ⸀βούλημα τῶν ἐθνῶν ⸀κατειργάσθαι, πεπορευμένους ἐν ἀσελγείαις, ἐπιθυμίαις, οἰνοφλυγίαις, κώμοις, πότοις, καὶ ἀθεμίτοις εἰδωλολατρίαις.",Disgust
"ἀξιοῦμεν δὲ παρὰ σοῦ ἀκοῦσαι ἃ φρονεῖς, περὶ μὲν γὰρ τῆς αἱρέσεως ταύτης γνωστὸν ⸂ἡμῖν ἐστιν⸃ ὅτι πανταχοῦ ἀντιλέγεται.",Anticipation
"ηὐχόμην γὰρ ⸂ἀνάθεμα εἶναι αὐτὸς ἐγὼ⸃ ἀπὸ τοῦ Χριστοῦ ὑπὲρ τῶν ἀδελφῶν μου τῶν συγγενῶν μου κατὰ σάρκα,",Trust
"εἰ δέ τις δοκεῖ φιλόνεικος εἶναι, ἡμεῖς τοιαύτην συνήθειαν οὐκ ἔχομεν, οὐδὲ αἱ ἐκκλησίαι τοῦ θεοῦ.",Disgust
"Ἀδελφοί, ἡ μὲν εὐδοκία τῆς ἐμῆς καρδίας καὶ ἡ ⸀δέησις πρὸς τὸν θεὸν ὑπὲρ ⸀αὐτῶν εἰς σωτηρίαν.",Anticipation
"καὶ ἐν ταῖς ἡμέραις ἐκείναις ζητήσουσιν οἱ ἄνθρωποι τὸν θάνατον καὶ οὐ μὴ εὑρήσουσιν αὐτόν, καὶ ἐπιθυμήσουσιν ἀποθανεῖν καὶ ⸀φεύγει ⸂ὁ θάνατος ἀπʼ αὐτῶν⸃.",Sadness
"στραφεὶς δὲ ὁ Ἰησοῦς καὶ θεασάμενος αὐτοὺς ἀκολουθοῦντας λέγει αὐτοῖς· Τί ζητεῖτε; οἱ δὲ εἶπαν αὐτῷ· Ῥαββί (ὃ λέγεται ⸀μεθερμηνευόμενον Διδάσκαλε), ποῦ μένεις;",Anticipation
"οὐχ ὅτι ἐπιζητῶ τὸ δόμα, ἀλλὰ ἐπιζητῶ τὸν καρπὸν τὸν πλεονάζοντα εἰς λόγον ὑμῶν.",Anticipation
"ὃς ἦν σὺν τῷ ἀνθυπάτῳ Σεργίῳ Παύλῳ, ἀνδρὶ συνετῷ. οὗτος προσκαλεσάμενος Βαρναβᾶν καὶ Σαῦλον ἐπεζήτησεν ἀκοῦσαι τὸν λόγον τοῦ θεοῦ·",Anticipation
"τετύφωται, μηδὲν ἐπιστάμενος, ἀλλὰ νοσῶν περὶ ζητήσεις καὶ λογομαχίας, ἐξ ὧν γίνεται φθόνος, ἔρις, βλασφημίαι, ὑπόνοιαι πονηραί,",Disgust
"ἔσται γὰρ καιρὸς ὅτε τῆς ὑγιαινούσης διδασκαλίας οὐκ ἀνέξονται, ἀλλὰ κατὰ τὰς ⸂ἰδίας ἐπιθυμίας⸃ ἑαυτοῖς ἐπισωρεύσουσιν διδασκάλους κνηθόμενοι τὴν ἀκοήν,",Disgust
"ἐπιθυμοῦμεν δὲ ἕκαστον ὑμῶν τὴν αὐτὴν ἐνδείκνυσθαι σπουδὴν πρὸς τὴν πληροφορίαν τῆς ἐλπίδος ἄχρι τέλους,",Anticipation
Εἶπεν δὲ πρὸς τοὺς μαθητάς· Ἐλεύσονται ἡμέραι ὅτε ἐπιθυμήσετε μίαν τῶν ἡμερῶν τοῦ υἱοῦ τοῦ ἀνθρώπου ἰδεῖν καὶ οὐκ ὄψεσθε.,Sadness
"καὶ αἱ μέριμναι τοῦ ⸀αἰῶνος καὶ ἡ ἀπάτη τοῦ πλούτου καὶ αἱ περὶ τὰ λοιπὰ ἐπιθυμίαι εἰσπορευόμεναι συμπνίγουσιν τὸν λόγον, καὶ ἄκαρπος γίνεται.",Disgust
καὶ εἶπεν πρὸς αὐτούς· Ἐπιθυμίᾳ ἐπεθύμησα τοῦτο τὸ πάσχα φαγεῖν μεθʼ ὑμῶν πρὸ τοῦ με παθεῖν·,Anticipation
"Ταῦτα δὲ τύποι ἡμῶν ἐγενήθησαν, εἰς τὸ μὴ εἶναι ἡμᾶς ἐπιθυμητὰς κακῶν, καθὼς κἀκεῖνοι ἐπεθύμησαν.",Disgust
"ἅτινά ἐστιν λόγον μὲν ἔχοντα σοφίας ἐν ἐθελοθρησκίᾳ καὶ ταπεινοφροσύνῃ καὶ ἀφειδίᾳ σώματος, οὐκ ἐν τιμῇ τινι πρὸς πλησμονὴν τῆς σαρκός.",Disgust
"Πιστὸς ὁ λόγος· εἴ τις ἐπισκοπῆς ὀρέγεται, καλοῦ ἔργου ἐπιθυμεῖ.",Anticipation
"νῦν δὲ κρείττονος ὀρέγονται, τοῦτʼ ἔστιν ἐπουρανίου. διὸ οὐκ ἐπαισχύνεται αὐτοὺς ὁ θεὸς θεὸς ἐπικαλεῖσθαι αὐτῶν, ἡτοίμασεν γὰρ αὐτοῖς πόλιν.",Anticipation
"ὁμοίως τε καὶ οἱ ἄρσενες ἀφέντες τὴν φυσικὴν χρῆσιν τῆς θηλείας ἐξεκαύθησαν ἐν τῇ ὀρέξει αὐτῶν εἰς ἀλλήλους, ἄρσενες ἐν ἄρσεσιν τὴν ἀσχημοσύνην κατεργαζόμενοι καὶ τὴν ἀντιμισθίαν ἣν ἔδει τῆς πλάνης αὐτῶν ἐν ⸀ἑαυτοῖς ἀπολαμβάνοντες.",Disgust
"μακάριοι οἱ πεινῶντες καὶ διψῶντες τὴν δικαιοσύνην, ὅτι αὐτοὶ χορτασθήσονται.",Anticipation
ἢ δοκεῖτε ὅτι κενῶς ἡ γραφὴ λέγει· Πρὸς φθόνον ἐπιποθεῖ τὸ πνεῦμα ὃ ⸀κατῴκισεν ἐν ἡμῖν;,Anger
"νυνὶ δὲ μηκέτι τόπον ἔχων ἐν τοῖς κλίμασι τούτοις, ἐπιποθίαν δὲ ἔχων τοῦ ἐλθεῖν πρὸς ὑμᾶς ἀπὸ ⸀ἱκανῶν ἐτῶν,",Anticipation
"οὐ μόνον δὲ ἐν τῇ παρουσίᾳ αὐτοῦ, ἀλλὰ καὶ ἐν τῇ παρακλήσει ᾗ παρεκλήθη ἐφʼ ὑμῖν, ἀναγγέλλων ἡμῖν τὴν ὑμῶν ἐπιπόθησιν, τὸν ὑμῶν ὀδυρμόν, τὸν ὑμῶν ζῆλον ὑπὲρ ἐμοῦ, ὥστε με μᾶλλον χαρῆναι.",Joy
"Καὶ ἄλλος ⸂δεύτερος ἄγγελος⸃ ἠκολούθησεν λέγων· Ἔπεσεν, ⸀ἔπεσεν Βαβυλὼν ἡ μεγάλη, ⸀ἣ ἐκ τοῦ οἴνου τοῦ θυμοῦ τῆς πορνείας αὐτῆς πεπότικεν πάντα τὰ ἔθνη.",Anger
ἐγὼ δὲ λέγω ὑμῖν ὅτι πᾶς ὁ βλέπων γυναῖκα πρὸς τὸ ἐπιθυμῆσαι αὐτὴν ἤδη ἐμοίχευσεν αὐτὴν ἐν τῇ καρδίᾳ αὐτοῦ.,Anticipation
"οἱ δὲ βουλόμενοι πλουτεῖν ἐμπίπτουσιν εἰς πειρασμὸν καὶ παγίδα καὶ ἐπιθυμίας πολλὰς ἀνοήτους καὶ βλαβεράς, αἵτινες βυθίζουσι τοὺς ἀνθρώπους εἰς ὄλεθρον καὶ ἀπώλειαν·",Disgust
"ὡς τέκνα ὑπακοῆς, μὴ συσχηματιζόμενοι ταῖς πρότερον ἐν τῇ ἀγνοίᾳ ὑμῶν ἐπιθυμίαις,",Disgust
"ἐπιθυμεῖτε, καὶ οὐκ ἔχετε· φονεύετε καὶ ζηλοῦτε, καὶ οὐ δύνασθε ἐπιτυχεῖν· μάχεσθε καὶ πολεμεῖτε. οὐκ ἔχετε διὰ τὸ μὴ αἰτεῖσθαι ὑμᾶς·",Anger
"Νεκρώσατε οὖν τὰ ⸀μέλη τὰ ἐπὶ τῆς γῆς, πορνείαν, ἀκαθαρσίαν, πάθος, ἐπιθυμίαν κακήν, καὶ τὴν πλεονεξίαν ἥτις ἐστὶν εἰδωλολατρία,",Disgust
"ὀφθαλμοὺς ἔχοντες μεστοὺς μοιχαλίδος καὶ ⸀ἀκαταπαύστους ἁμαρτίας, δελεάζοντες ψυχὰς ἀστηρίκτους, καρδίαν γεγυμνασμένην πλεονεξίας ἔχοντες, κατάρας τέκνα,",Disgust
"⸀οὐ πάντως τοῖς πόρνοις τοῦ κόσμου τούτου ἢ τοῖς πλεονέκταις ⸀καὶ ἅρπαξιν ἢ εἰδωλολάτραις, ἐπεὶ ⸀ὠφείλετε ἄρα ἐκ τοῦ κόσμου ἐξελθεῖν.",Disgust
"εἶπεν δὲ ὁ κύριος πρὸς αὐτόν· Νῦν ὑμεῖς οἱ Φαρισαῖοι τὸ ἔξωθεν τοῦ ποτηρίου καὶ τοῦ πίνακος καθαρίζετε, τὸ δὲ ἔσωθεν ὑμῶν γέμει ἁρπαγῆς καὶ πονηρίας.",Disgust
"ὁ Φαρισαῖος σταθεὶς ⸂πρὸς ἑαυτὸν ταῦτα⸃ προσηύχετο· Ὁ θεός, εὐχαριστῶ σοι ὅτι οὐκ εἰμὶ ⸀ὥσπερ οἱ λοιποὶ τῶν ἀνθρώπων, ἅρπαγες, ἄδικοι, μοιχοί, ἢ καὶ ὡς οὗτος ὁ τελώνης·",Disgust
"Πόθεν πόλεμοι καὶ ⸀πόθεν μάχαι ἐν ὑμῖν; οὐκ ἐντεῦθεν, ἐκ τῶν ἡδονῶν ὑμῶν τῶν στρατευομένων ἐν τοῖς μέλεσιν ὑμῶν;",Anger
"οἱ γὰρ τοιοῦτοι τῷ κυρίῳ ⸀ἡμῶν Χριστῷ οὐ δουλεύουσιν ἀλλὰ τῇ ἑαυτῶν κοιλίᾳ, καὶ διὰ τῆς χρηστολογίας καὶ εὐλογίας ἐξαπατῶσι τὰς καρδίας τῶν ἀκάκων.",Disgust
"Διὰ τοῦτο παρέδωκεν αὐτοὺς ὁ θεὸς εἰς πάθη ἀτιμίας· αἵ τε γὰρ θήλειαι αὐτῶν μετήλλαξαν τὴν φυσικὴν χρῆσιν εἰς τὴν παρὰ φύσιν,",Disgust
"ὅτε γὰρ ἦμεν ἐν τῇ σαρκί, τὰ παθήματα τῶν ἁμαρτιῶν τὰ διὰ τοῦ νόμου ἐνηργεῖτο ἐν τοῖς μέλεσιν ἡμῶν εἰς τὸ καρποφορῆσαι τῷ θανάτῳ·",Sadness
οἱ δὲ τοῦ ⸀Χριστοῦ τὴν σάρκα ἐσταύρωσαν σὺν τοῖς παθήμασιν καὶ ταῖς ἐπιθυμίαις.,Anticipation
"νεωτέρας δὲ χήρας παραιτοῦ· ὅταν γὰρ καταστρηνιάσωσιν τοῦ Χριστοῦ, γαμεῖν θέλουσιν,",Anticipation
"εἰ δὲ οὐκ ἐγκρατεύονται, γαμησάτωσαν, κρεῖττον γάρ ἐστιν ⸀γαμῆσαι ἢ πυροῦσθαι.",Anticipation
οὐ μόνον δὲ ἀλλὰ καὶ χειροτονηθεὶς ὑπὸ τῶν ἐκκλησιῶν συνέκδημος ἡμῶν ⸀σὺν τῇ χάριτι ταύτῃ τῇ διακονουμένῃ ὑφʼ ἡμῶν πρὸς τὴν ⸀αὐτοῦ τοῦ κυρίου δόξαν καὶ προθυμίαν ἡμῶν—,Anticipation
"οὗτοι δὲ ἦσαν εὐγενέστεροι τῶν ἐν Θεσσαλονίκῃ, οἵτινες ἐδέξαντο τὸν λόγον μετὰ πάσης προθυμίας, ⸀τὸ καθʼ ἡμέραν ἀνακρίνοντες τὰς γραφὰς εἰ ἔχοι ταῦτα οὕτως.",Anticipation
"γρηγορεῖτε καὶ προσεύχεσθε, ἵνα μὴ ⸀ἔλθητε εἰς πειρασμόν· τὸ μὲν πνεῦμα πρόθυμον ἡ δὲ σὰρξ ἀσθενής.",Sadness
οὕτως τὸ κατʼ ἐμὲ πρόθυμον καὶ ὑμῖν τοῖς ἐν Ῥώμῃ εὐαγγελίσασθαι.,Anticipation
"εἰς ἣν τὸ δωδεκάφυλον ἡμῶν ἐν ἐκτενείᾳ νύκτα καὶ ἡμέραν λατρεῦον ἐλπίζει καταντῆσαι· περὶ ἧς ἐλπίδος ἐγκαλοῦμαι ⸂ὑπὸ Ἰουδαίων, βασιλεῦ⸃·",Anticipation
ὁ μὲν οὖν Πέτρος ἐτηρεῖτο ἐν τῇ φυλακῇ· προσευχὴ δὲ ἦν ⸀ἐκτενῶς γινομένη ὑπὸ τῆς ἐκκλησίας πρὸς τὸν θεὸν ⸀περὶ αὐτοῦ.,Anticipation
"μετʼ εὐνοίας δουλεύοντες, ὡς τῷ κυρίῳ καὶ οὐκ ἀνθρώποις,",Trust
"οὗτος ἦν κατηχημένος τὴν ὁδὸν τοῦ κυρίου, καὶ ζέων τῷ πνεύματι ἐλάλει καὶ ἐδίδασκεν ἀκριβῶς τὰ περὶ τοῦ ⸀Ἰησοῦ, ἐπιστάμενος μόνον τὸ βάπτισμα Ἰωάννου.",Joy
"⸀κεκρίκει γὰρ ὁ Παῦλος παραπλεῦσαι τὴν Ἔφεσον, ὅπως μὴ γένηται αὐτῷ χρονοτριβῆσαι ἐν τῇ Ἀσίᾳ, ἔσπευδεν γὰρ εἰ δυνατὸν ⸀εἴη αὐτῷ τὴν ἡμέραν τῆς πεντηκοστῆς γενέσθαι εἰς Ἱεροσόλυμα.",Anticipation
"μόνον τῶν πτωχῶν ἵνα μνημονεύωμεν, ὃ καὶ ἐσπούδασα αὐτὸ τοῦτο ποιῆσαι.",Anticipation
"ἄρα εἰ καὶ ἔγραψα ὑμῖν, οὐχ ⸀ἕνεκεν τοῦ ἀδικήσαντος, ⸀οὐδὲ ⸁ἕνεκεν τοῦ ἀδικηθέντος, ἀλλʼ ⸀1ἕνεκεν τοῦ φανερωθῆναι τὴν σπουδὴν ὑμῶν τὴν ὑπὲρ ἡμῶν πρὸς ὑμᾶς ἐνώπιον τοῦ θεοῦ.",Trust
"ὅτι τὴν μὲν παράκλησιν ἐδέξατο, σπουδαιότερος δὲ ὑπάρχων αὐθαίρετος ἐξῆλθεν πρὸς ὑμᾶς.",Anticipation
σπουδαιοτέρως οὖν ἔπεμψα αὐτὸν ἵνα ἰδόντες αὐτὸν πάλιν χαρῆτε κἀγὼ ἀλυπότερος ὦ.,Joy
ζηλοῦτε δὲ τὰ χαρίσματα τὰ ⸀μείζονα. καὶ ἔτι καθʼ ὑπερβολὴν ὁδὸν ὑμῖν δείκνυμι.,Anticipation
ἐγὼ ὅσους ἐὰν φιλῶ ἐλέγχω καὶ παιδεύω· ⸀ζήλευε οὖν καὶ μετανόησον.,Fear
"⸀Ἐγώ εἰμι ἀνὴρ Ἰουδαῖος, γεγεννημένος ἐν Ταρσῷ τῆς Κιλικίας, ἀνατεθραμμένος δὲ ἐν τῇ πόλει ταύτῃ παρὰ τοὺς πόδας Γαμαλιήλ, πεπαιδευμένος κατὰ ἀκρίβειαν τοῦ πατρῴου νόμου, ζηλωτὴς ὑπάρχων τοῦ θεοῦ καθὼς πάντες ὑμεῖς ἐστε σήμερον,",Anticipation
"καὶ φιλοτιμεῖσθαι ἡσυχάζειν καὶ πράσσειν τὰ ἴδια καὶ ἐργάζεσθαι ⸀ταῖς χερσὶν ὑμῶν, καθὼς ὑμῖν παρηγγείλαμεν,",Trust
"οἱ δὲ πιστοὺς ἔχοντες δεσπότας μὴ καταφρονείτωσαν, ὅτι ἀδελφοί εἰσιν· ἀλλὰ μᾶλλον δουλευέτωσαν, ὅτι πιστοί εἰσιν καὶ ἀγαπητοὶ οἱ τῆς εὐεργεσίας ἀντιλαμβανόμενοι. Ταῦτα δίδασκε καὶ παρακάλει.",Trust
"ἐν ἔργοις καλοῖς μαρτυρουμένη, εἰ ἐτεκνοτρόφησεν, εἰ ἐξενοδόχησεν, εἰ ἁγίων πόδας ἔνιψεν, εἰ θλιβομένοις ἐπήρκεσεν, εἰ παντὶ ἔργῳ ἀγαθῷ ἐπηκολούθησεν.",Trust
"Πείθεσθε τοῖς ἡγουμένοις ὑμῶν καὶ ὑπείκετε, αὐτοὶ γὰρ ἀγρυπνοῦσιν ὑπὲρ τῶν ψυχῶν ὑμῶν ὡς λόγον ἀποδώσοντες, ἵνα μετὰ χαρᾶς τοῦτο ποιῶσιν καὶ μὴ στενάζοντες, ἀλυσιτελὲς γὰρ ὑμῖν τοῦτο.",Trust
"Ἔδει μέν, ὦ ἄνδρες, πειθαρχήσαντάς μοι μὴ ἀνάγεσθαι ἀπὸ τῆς Κρήτης κερδῆσαί τε τὴν ὕβριν ταύτην καὶ τὴν ζημίαν.",Sadness
"πίστει χρηματισθεὶς Νῶε περὶ τῶν μηδέπω βλεπομένων εὐλαβηθεὶς κατεσκεύασεν κιβωτὸν εἰς σωτηρίαν τοῦ οἴκου αὐτοῦ, διʼ ἧς κατέκρινεν τὸν κόσμον, καὶ τῆς κατὰ πίστιν δικαιοσύνης ἐγένετο κληρονόμος.",Fear
"Οὗτός ἐστιν ὁ υἱός μου ὁ ἀγαπητός, ἐν ᾧ εὐδόκησα· ⸂ἀκούετε αὐτοῦ⸃.",Fear
ἀλλʼ ὁ φιλοπρωτεύων αὐτῶν Διοτρέφης οὐκ ἐπιδέχεται ἡμᾶς.,Anger
"κατʼ ἐξουσίαν καὶ τοῖς πνεύμασι τοῖς ἀκαθάρτοις ἐπιτάσσει, καὶ ὑπακούουσιν αὐτῷ.",Surprise
"ἡ γὰρ ὑμῶν ὑπακοὴ εἰς πάντας ἀφίκετο· ⸂ἐφʼ ὑμῖν οὖν χαίρω⸃, θέλω δὲ ὑμᾶς ⸀σοφοὺς εἶναι εἰς τὸ ἀγαθόν, ἀκεραίους δὲ εἰς τὸ κακόν.",Joy
"ἐν τῷ νόμῳ γέγραπται ὅτι Ἐν ἑτερογλώσσοις καὶ ἐν χείλεσιν ⸀ἑτέρων λαλήσω τῷ λαῷ τούτῳ, καὶ οὐδʼ οὕτως εἰσακούσονταί μου, λέγει κύριος.",Sadness
"ἐταπείνωσεν ἑαυτὸν γενόμενος ὑπήκοος μέχρι θανάτου, θανάτου δὲ σταυροῦ·",Trust
"διὰ τῆς δοκιμῆς τῆς διακονίας ταύτης δοξάζοντες τὸν θεὸν ἐπὶ τῇ ὑποταγῇ τῆς ὁμολογίας ὑμῶν εἰς τὸ εὐαγγέλιον τοῦ Χριστοῦ καὶ ἁπλότητι τῆς κοινωνίας εἰς αὐτοὺς καὶ εἰς πάντας,",Trust
"Πείθεσθε τοῖς ἡγουμένοις ὑμῶν καὶ ὑπείκετε, αὐτοὶ γὰρ ἀγρυπνοῦσιν ὑπὲρ τῶν ψυχῶν ὑμῶν ὡς λόγον ἀποδώσοντες, ἵνα μετὰ χαρᾶς τοῦτο ποιῶσιν καὶ μὴ στενάζοντες, ἀλυσιτελὲς γὰρ ὑμῖν τοῦτο.",Trust
"Ἐὰν ἀγαπᾶτέ με, τὰς ἐντολὰς τὰς ἐμὰς ⸀τηρήσετε·",Trust
"Εἰ ἀπεθάνετε σὺν Χριστῷ ἀπὸ τῶν στοιχείων τοῦ κόσμου, τί ὡς ζῶντες ἐν κόσμῳ δογματίζεσθε·",Disgust
"καὶ πᾶς ὁ λαὸς ἀκούσας καὶ οἱ τελῶναι ἐδικαίωσαν τὸν θεόν, βαπτισθέντες τὸ βάπτισμα Ἰωάννου·",Trust
"ὁ δὲ ἀπειθῶν τῷ υἱῷ οὐκ ὄψεται ζωήν, ἀλλʼ ἡ ὀργὴ τοῦ θεοῦ μένει ἐπʼ αὐτόν.",Fear
διὰ ταῦτα γὰρ ἔρχεται ἡ ὀργὴ τοῦ θεοῦ ἐπὶ τοὺς υἱοὺς τῆς ἀπειθείας.,Anger
"ἔσονται γὰρ οἱ ἄνθρωποι φίλαυτοι, φιλάργυροι, ἀλαζόνες, ὑπερήφανοι, βλάσφημοι, γονεῦσιν ἀπειθεῖς, ἀχάριστοι, ἀνόσιοι,",Disgust
πᾶς ὁ ⸀προάγων καὶ μὴ μένων ἐν τῇ διδαχῇ τοῦ Χριστοῦ θεὸν οὐκ ἔχει·,Disgust
"Βλέπετε μὴ παραιτήσησθε τὸν λαλοῦντα· εἰ γὰρ ἐκεῖνοι οὐκ ⸀ἐξέφυγον ⸂ἐπὶ γῆς παραιτησάμενοι τὸν⸃ χρηματίζοντα, ⸀πολὺ μᾶλλον ἡμεῖς οἱ τὸν ἀπʼ οὐρανῶν ἀποστρεφόμενοι·",Fear
Διὰ τί οἱ μαθηταί σου παραβαίνουσιν τὴν παράδοσιν τῶν πρεσβυτέρων;,Anger
"ὃς ἐν νόμῳ καυχᾶσαι, διὰ τῆς παραβάσεως τοῦ νόμου τὸν θεὸν ἀτιμάζεις;",Disgust
"καὶ σὺ κάθῃ κρίνων με κατὰ τὸν νόμον, καὶ παρανομῶν κελεύεις με τύπτεσθai;",Anger
"Ἀλλὰ οὐαὶ ὑμῖν τοῖς Φαρισαίοις, ὅτι ἀποδεκατοῦτε τὸ ἡδύοσμον καὶ τὸ πήγανον καὶ πᾶν λάχανον, καὶ παρέρχεσθε τὴν κρίσιν καὶ τὴν ἀγάπην τοῦ θεοῦ·",Anger
"διὰ τοῦτο οὖν μᾶλλον ἐζήτουν αὐτὸν οἱ Ἰουδαῖοι ἀποκτεῖναι ὅτι οὐ μόνον ἔλυε τὸ σάββατον, ἀλλὰ καὶ πατέρα ἴδιον ἔλεγε τὸν θεόν, ἴσον ἑαυτὸν ποιῶν τῷ θεῷ.",Anger
"τὸ δὲ καλὸν ποιοῦντες μὴ ἐγκακῶμεν, καιρῷ γὰρ ἰδίῳ θερίσομεν μὴ ἐκλυόμενοι.",Anticipation
"καὶ ὑπομονὴν ἔχεις, καὶ ἐβάστασας διὰ τὸ ὄνομά μου, καὶ οὐ κεκοπίακες.",Trust
"ἀποψυχόντων ἀνθρώπων ἀπὸ φόβου καὶ προσδοκίας τῶν ἐπερχομένων τῇ οἰκουμένῃ, αἱ γὰρ δυνάμεις τῶν οὐρανῶν σαλευθήσονται.",Fear
ἰδὼν δὲ τοὺς ὄχλους ἐσπλαγχνίσθη περὶ αὐτῶν ὅτι ἦσαν ἐσκυλμένοι καὶ ἐρριμμένοι ὡσεὶ πρόβατα μὴ ἔχοντα ποιμένα.,Sadness
ἀλλ’ ὁ παρακαλῶν τοὺς ταπεινοὺς παρεκάλεσεν ἡμᾶς ὁ θεὸς ἐν τῇ παρουσίᾳ Τίτου·,Joy
ταλαιπωρήσατε καὶ πενθήσατε καὶ κλαύσατε· ὁ γέλως ὑμῶν εἰς πένθος μετατραπήτω καὶ ἡ χαρὰ εἰς κατήφειαν.,Sadness
"Ἡ μὲν οὖν ἐκκλησία καθ’ ὅλης τῆς Ἰουδαίας καὶ Γαλιλαίας καὶ Σαμαρείας εἶχεν εἰρήνην οἰκοδομουμένη καὶ πορευομένη τῷ φόβῳ τοῦ κυρίου, καὶ τῇ παρακλήσει τοῦ ἁγίου πνεύματος ἐπληθύνετο.",Fear
"διὸ βασιλείαν ἀσάλευτον παραλαμβάνοντες ἔχωμεν χάριν, δι’ ἧς λατρεύωμεν εὐαρέστως τῷ θεῷ μετὰ εὐλαβείας καὶ δέους·",Fear
ἡ γὰρ κατὰ θεὸν λύπη μετάνοιαν εἰς σωτηρίαν ἀμεταμέλητον ἐργάζεται·,Trust
"καὶ ἀναστὰς ἀπὸ τῆς προσευχῆς, ἐλθὼν πρὸς τοὺς μαθητὰς εὗρεν αὐτοὺς κοιμωμένους ἀπὸ τῆς λύπης,",Sadness
"νῦν χαίρω, οὐχ ὅτι ἐλυπήθητε, ἀλλ’ ὅτι ἐλυπήθητε εἰς μετάνοιαν·",Sadness
"ὁ δὲ στυγνάσας ἐπὶ τῷ λόγῳ ἀπῆλθεν λυπούμενος, ἦν γὰρ ἔχων κτήματα πολλά.",Sadness
"καὶ περιβλεψάμενος αὐτοὺς μετ’ ὀργῆς, συλλυπούμενος ἐπὶ τῇ πωρώσει τῆς καρδίας αὐτῶν, λέγει τῷ ἀνθρώπῳ·",Sadness
τότε λέγει αὐτοῖς· Περίλυπός ἐστιν ἡ ψυχή μου ἕως θανάτου·,Sadness
"σπουδαιοτέρως οὖν ἔπεμψα αὐτόν, ἵνα ἰδόντες αὐτὸν πάλιν χαρῆτε κἀγὼ ἀλυπότερος ὦ.",Joy
"καὶ σοῦ δὲ αὐτῆς τὴν ψυχὴν διελεύσεται ῥομφαία, ὅπως ἂν ἀποκαλυφθῶσιν ἐκ πολλῶν καρδιῶν διαλογισμοί.",Sadness
"βλέμματι γὰρ καὶ ἀκοῇ ὁ δίκαιος, ἐγκατοικῶν ἐν αὐτοῖς, ἡμέραν ἐξ ἡμέρας ψυχὴν δικαίαν ἀνόμοις ἔργοις ἐβασάνιζεν.",Disgust
"Ἀκούσαντες δὲ κατενύγησαν τὴν καρδίαν, εἶπόν τε πρὸς τὸν Πέτρον καὶ τοὺς λοιποὺς ἀποστόλους·",Sadness
τότε ἀπεκρίθη ὁ Παῦλος· Τί ποιεῖτε κλαίοντες καὶ συνθρύπτοντές μου τὴν καρδίαν;,Sadness
καὶ γενόμενος ἐν ἀγωνίᾳ ἐκτενέστερον προσηύχετο.,Fear
καὶ ἐξελθὼν ἔξω ἔκλαυσεν πικρῶς.,Sadness
"ὁ δὲ στυγνάσας ἐπὶ τῷ λόγῳ ἀπῆλθεν λυπούμενος, ἦν γὰρ ἔχων κτήματα πολλά.",Sadness
"φοβοῦμαι γὰρ μή πως ἐλθὼν οὐχ οἵους θέλω εὕρω ὑμᾶς, κἀγὼ εὑρεθῶ ὑμῖν οἷον οὐ θέλετε, μή πως ἔρις, ζῆλος, θυμοί, ἐριθεῖαι, καταλαλιαί, ψιθυρισμοί, φυσιώσεις, ἀκαταστασίαι·",Fear
καὶ οἱ συνεσταυρωμένοι σὺν αὐτῷ ὠνείδιζον αὐτόν.,Anger
"τοῦτο μὲν ὀνειδισμοῖς τε καὶ θλίψεσιν θεατριζόμενοι, τοῦτο δὲ κοινωνοὶ τῶν οὕτως ἀναστρεφομένων γενηθέντες·",Sadness
"διδάσκαλε, ταῦτα λέγων καὶ ἡμᾶς ὑβρίζεις.",Anger
"πόσῳ δοκεῖτε χείρονος ἀξιωθήσεται τιμωρίας ὁ τὸν υἱὸν τοῦ θεοῦ καταπατήσας καὶ τὸ αἷμα τῆς διαθήκης κοινὸν ἡγησάμενος, ἐν ᾧ ἡγιάσθη, καὶ τὸ πνεῦμα τῆς χάριτος ἐνυβρίσας;",Anger
"διὸ εὐδοκῶ ἐν ἀσθενείαις, ἐν ὕβρεσιν, ἐν ἀνάγκαις, ἐν διωγμοῖς καὶ στενοχωρίαις, ὑπὲρ Χριστοῦ·",Trust
τὸ πρότερον ὄντα βλάσφημον καὶ διώκτην καὶ ὑβριστήν·,Disgust
"μακάριοί ἐστε ὅταν μισήσωσιν ὑμᾶς οἱ ἄνθρωποι, καὶ ὅταν ἀφορίσωσιν ὑμᾶς καὶ ὀνειδίσωσιν καὶ ἐκβάλωσιν τὸ ὄνομα ὑμῶν ὡς πονηρὸν ἕνεκα τοῦ υἱοῦ τοῦ ἀνθρώπου·",Disgust
"καὶ μὴ καθὼς βλασφημούμεθα καὶ καθώς φασίν τινες ἡμᾶς λέγειν ὅτι Ποιήσωμεν τὰ κακά, ἵνα ἔλθῃ τὰ ἀγαθά;",Disgust
"τὸ γὰρ ὄνομα τοῦ θεοῦ δι’ ὑμᾶς βλασφημεῖται ἐν τοῖς ἔθνεσιν, καθὼς γέγραπται.",Anger
Οἱ δὲ παραπορευόμενοι ἐβλασφήμουν αὐτὸν κινοῦντες τὰς κεφαλὰς αὐτῶν,Anger
τίς ἐστιν οὗτος ὃς λαλεῖ βλασφημίας;,Anger
τότε ὑπέβαλον ἄνδρας λέγοντας ὅτι Ἀκηκόαμεν αὐτοῦ λαλοῦντος ῥήματα βλάσφημα εἰς Μωϋσῆν καὶ τὸν θεόν.,Anger
"ἐνέπαιξαν δὲ αὐτῷ καὶ οἱ στρατιῶται προσερχόμενοι, ὄξος προσφέροντες αὐτῷ,",Disgust
"ἕτεροι δὲ πεῖραν ἔλαβον ἐμπαιγμῶν καὶ μαστίγων, ἔτι δὲ δεσμῶν καὶ φυλακῆς·",Sadness
"ἀκούσαντες δὲ ἀνάστασιν νεκρῶν οἱ μὲν ἐχλεύαζον, οἱ δὲ εἶπαν· Ἀκουσόμεθά σου περὶ τούτου καὶ πάλιν.",Disgust
ἕτεροι δὲ διαχλευάζοντες ἔλεγον ὅτι Μεστωμένοι εἰσὶν γλεύκους.,Disgust
"Ἤκουον δὲ ταῦτα πάντα οἱ Φαρισαῖοι φιλάργυροι ὑπάρχοντες, καὶ ἐξεμυκτήριζον αὐτόν.",Disgust
"καὶ κατεγέλων αὐτοῦ, εἰδότες ὅτι ἀπέθανεν.",Disgust
"Οὐά, ὁ καταλύων τὸν ναὸν καὶ οἰκοδομῶν ἐν τρισὶν ἡμέραις,",Anger
ἀντιτασσομένων δὲ αὐτῶν καὶ βλασφημούντων ἐκτιναξάμενος τὰ ἱμάτια εἶπεν πρὸς αὐτούς· τὸ αἷμα ὑμῶν ἐπὶ τὴν κεφαλὴν ὑμῶν· καθαρὸς ἐγώ· ἀπὸ τοῦ νῦν εἰς τὰ ἔθνη πορεύσομαι.,Anger
"Ὅτε δὲ ἦλθεν Κηφᾶς εἰς Ἀντιόχειαν, κατὰ πρόσωπον αὐτῷ ἀντέστην, ὅτι κατεγνωσμένος ἦν.",Anger
"καὶ ταῦτα λέγοντος αὐτοῦ κατῃσχύνοντο πάντες οἱ ἀντικείμενοι αὐτῷ, καὶ πᾶς ὁ ὄχλος ἔχαιρεν ἐπὶ πᾶσιν τοῖς ἐνδόξοις τοῖς γινομένοις ὑπ’ αὐτοῦ.",Fear
ἰδόντες δὲ οἱ Ἰουδαῖοι τοὺς ὄχλους ἐπλήσθησαν ζήλου καὶ ἀντέλεγον τοῖς ὑπὸ Παύλου λαλουμένοις βλασφημοῦντες.,Anger
βλέπω δὲ ἕτερον νόμον ἐν τοῖς μέλεσίν μου ἀντιστρατευόμενον τῷ νόμῳ τοῦ νοός μου καὶ αἰχμαλωτίζοντά με ἐν τῷ νόμῳ τῆς ἁμαρτίας τῷ ὄντι ἐν τοῖς μέλεσίν μου.,Sadness
οὐ περὶ πάντων ὑμῶν λέγω· ἐγὼ οἶδα τίνας ἐξελεξάμην· ἀλλ’ ἵνα ἡ γραφὴ πληρωθῇ· ὁ τρώγων μου τὸν ἄρτον ἐπῆρεν ἐπ’ ἐμὲ τὴν πτέρναν αὐτοῦ.,Sadness
"Κἀκεῖθεν ἐξελθόντος αὐτοῦ ἤρξαντο οἱ γραμματεῖς καὶ οἱ Φαρισαῖοι δεινῶς ἐνέχειν καὶ ἀποστοματίζειν αὐτὸν περὶ πλειόνων,",Anger
Ἐγένετο δὲ κατὰ τὸν καιρὸν ἐκεῖνον τάραχος οὐκ ὀλίγος περὶ τῆς ὁδοῦ.,Anger
"τῶν καὶ τὸν κύριον ἀποκτεινάντων Ἰησοῦν καὶ τοὺς προφήτας καὶ ἡμᾶς ἐκδιωξάντων καὶ θεῷ μὴ ἀρεσκόντων καὶ πᾶσιν ἀνθρώποις ἐναντίων,",Anger
φοβερὰ δέ τις ἐκδοχὴ κρίσεως καὶ πυρὸς ζῆλος ἐσθίειν μέλλοντος τοὺς ὑπεναντίους.,Fear
"λόγον ὑγιῆ ἀκατάγνωστον, ἵνα ὁ ἐξ ἐναντίας ἐντραπῇ μηδὲν ἔχων λέγειν περὶ ἡμῶν φαῦλον.",Fear
"οἱ δὲ ἐξ ἐριθείας τὸν Χριστὸν καταγγέλλουσιν, οὐχ ἁγνῶς, οἰόμενοι θλῖψιν ἐγείρειν τοῖς δεσμοῖς μου.",Anger
οἱ δὲ Ἰουδαῖοι παρώτρυναν τὰς σεβομένας γυναῖκας τὰς εὐσχήμονας καὶ τοὺς πρώτους τῆς πόλεως καὶ ἐπήγειραν διωγμὸν ἐπὶ τὸν Παῦλον καὶ Βαρναβᾶν καὶ ἐξέβαλον αὐτοὺς ἀπὸ τῶν ὁρίων αὐτῶν.,Anticipation
"συνεκίνησάν τε τὸν λαὸν καὶ τοὺς πρεσβυτέρους καὶ τοὺς γραμματεῖς, καὶ ἐπιστάντες συνήρπασαν αὐτὸν καὶ ἤγαγον εἰς τὸ συνέδριον,",Anger
"νήψατε, γρηγορήσατε. ὁ ἀντίδικος ὑμῶν διάβολος ὡς λέων ὠρυόμενος περιπατεῖ ζητῶν τινα καταπιεῖν.",Fear
"ἔσβεσαν δύναμιν πυρός, ἔφυγον στόματα μαχαίρης, ἐδυναμώθησαν ἀπὸ ἀσθενείας, ἐγενήθησαν ἰσχυροὶ ἐν πολέμῳ, παρεμβολὰς ἔκλιναν ἀλλοτρίων.",Joy
ἡμεῖς δὲ ἠλπίζομεν ὅτι αὐτός ἐστιν ὁ μέλλων λυτροῦσθαι τὸν Ἰσραήλ· ἀλλά γε σὺν πᾶσιν τούτοις τρίτην ταύτην ἡμέραν ἄγει ἀφ’ οὗ ταῦτα ἐγένετο.,Sadness
"εἰς τοῦτο γὰρ κοπιῶμεν καὶ ἀγωνιζόμεθα, ὅτι ἠλπίκαμεν ἐπὶ θεῷ ζῶντι, ὅς ἐστιν σωτὴρ πάντων ἀνθρώπων, μάλιστα πιστῶν.",Trust
"ἄνδρες ἀδελφοί, ἐγὼ Φαρισαῖός εἰμι, υἱὸς Φαρισαίων· περὶ ἐλπίδος καὶ ἀναστάσεως νεκρῶν ἐγὼ κρίνομαι.",Anticipation
εἰς τὸ εἶναι ἡμᾶς εἰς ἔπαινον δόξης αὐτοῦ τοὺς προηλπικότας ἐν τῷ Χριστῷ·,Anticipation
τίς γὰρ ἡμῶν ἐλπὶς ἢ χαρὰ ἢ στέφανος καυχήσεως— ἢ οὐχὶ καὶ ὑμεῖς— ἔμπροσθεν τοῦ κυρίου ἡμῶν Ἰησοῦ ἐν τῇ αὐτοῦ παρουσίᾳ;,Joy
"οὕτως καὶ ὁ Χριστός, ἅπαξ προσενεχθεὶς εἰς τὸ πολλῶν ἀνενεγκεῖν ἁμαρτίας, ἐκ δευτέρου χωρὶς ἁμαρτίας ὀφθήσεται τοῖς αὐτὸν ἀπεκδεχομένοις εἰς σωτηρίαν.",Anticipation
ἡ γὰρ ἀποκαραδοκία τῆς κτίσεως τὴν ἀποκάλυψιν τῶν υἱῶν τοῦ θεοῦ ἀπεκδέχεται·,Anticipation
"κατὰ τὴν ἀποκαραδοκίαν καὶ ἐλπίδα μου ὅτι ἐν οὐδενὶ αἰσχυνθήσομαι, ἀλλ’ ἐν πάσῃ παρρησίᾳ ὡς πάντοτε καὶ νῦν μεγαλυνθήσεται Χριστὸς ἐν τῷ σώματί μου, εἴτε διὰ ζωῆς εἴτε διὰ θανάτου.",Anticipation
"Θαρροῦντες οὖν πάντοτε καὶ εἰδότες ὅτι ἐνδημοῦντες ἐν τῷ σώματι ἐκδημοῦμεν ἀπὸ τοῦ κυρίου,",Trust
"Αὐτὸς δὲ ἐγὼ Παῦλος παρακαλῶ ὑμᾶς διὰ τῆς πραΰτητος καὶ ἐπιεικείας τοῦ Χριστοῦ, ὃς κατὰ πρόσωπον μὲν ταπεινὸς ἐν ὑμῖν, ἀπὼν δὲ θαρρῶ εἰς ὑμᾶς·",Anticipation
"καὶ ἐκεῖθεν οἱ ἀδελφοὶ ἀκούσαντες τὰ περὶ ἡμῶν ἦλθαν εἰς ἀπάντησιν ἡμῖν ἄχρις Ἀππίου Φόρου καὶ Τριῶν Ταβερνῶν, οὓς ἰδὼν ὁ Παῦλος εὐχαριστήσας τῷ θεῷ ἔλαβεν θάρσος.",Trust
ἀλλὰ προπαθόντες καὶ ὑβρισθέντες καθὼς οἴδατε ἐν Φιλίπποις ἐπαρρησιασάμεθα ἐν τῷ θεῷ ἡμῶν λαλῆσαι πρὸς ὑμᾶς τὸ εὐαγγέλιον τοῦ θεοῦ ἐν πολλῷ ἀγῶνι.,Trust
"ἐλθὼν Ἰωσὴφ ὁ ἀπὸ Ἀριμαθαίας, εὐσχήμων βουλευτής, ὃς καὶ αὐτὸς ἦν προσδεχόμενος τὴν βασιλείαν τοῦ θεοῦ, τολμήσας εἰσῆλθεν πρὸς τὸν Πιλᾶτον καὶ ᾐτήσατο τὸ σῶμα τοῦ Ἰησοῦ.",Trust
καὶ ὁ Ἰησοῦς ἰδὼν αὐτὸν ὅτι νουνεχῶς ἀπεκρίθη εἶπεν αὐτῷ· Οὐ μακρὰν εἶ ἀπὸ τῆς βασιλείας τοῦ θεοῦ. καὶ οὐδεὶς οὐκέτι ἐτόλμα αὐτὸν ἐπερωτῆσαι.,Fear
"ὁ δὲ Μιχαὴλ ὁ ἀρχάγγελος, ὅτε τῷ διαβόλῳ διακρινόμενος διελέγετο περὶ τοῦ Μωϋσέως σώματος, οὐκ ἐτόλμησεν κρίσιν ἐπενεγκεῖν βλασφημίας, ἀλλὰ εἶπεν· Ἐπιτιμήσαι σοι κύριος.",Trust
"τολμηρότερον δὲ ἔγραψα ὑμῖν ἀπὸ μέρους, ὡς ἐπαναμιμνῄσκων ὑμᾶς διὰ τὴν χάριν τὴν δοθεῖσάν μοι ὑπὸ τοῦ θεοῦ",Anticipation
"Ἠσαΐας δὲ ἀποτολμᾷ καὶ λέγει· Εὑρέθην ἐν τοῖς ἐμὲ μὴ ζητοῦσιν, ἐμφανὴς ἐγενόμην τοῖς ἐμὲ μὴ ἐπερωτῶσιν.",Trust
"μάλιστα δὲ τοὺς ὀπίσω σαρκὸς ἐν ἐπιθυμίᾳ μιασμοῦ πορευομένους καὶ κυριότητος καταφρονοῦντας. τολμηταί, αὐθάδεις, δόξας οὐ τρέμουσιν βλασφημοῦντες,",Disgust
"Καὶ ἐν τούτῳ γνωσόμεθα ὅτι ἐκ τῆς ἀληθείας ἐσμέν, καὶ ἔμπροσθεν αὐτοῦ πείσομεν τὴν καρδίαν ἡμῶν,",Trust
αὐτὸς γὰρ Ἰησοῦς ἐμαρτύρησεν ὅτι προφήτης ἐν τῇ ἰδίᾳ πατρίδι τιμὴν οὐκ ἔχει.,Sadness
τότε ἔσται σοι δόξα ἐνώπιον πάντων τῶν συνανακειμένων σοι.,Anticipation
"Γαμαλιήλ, νομοδιδάσκαλος τίμιος παντὶ τῷ λαῷ,",Trust
"προσδέχεσθε οὖν αὐτὸν ἐν κυρίῳ μετὰ πάσης χαρᾶς, καὶ τοὺς τοιούτους ἐντίμους ἔχετε,",Trust
"ἡμεῖς ἄτιμοι, ὑμεῖς δὲ ἔνδοξοι.",Disgust
ὁ γὰρ ἐν τούτῳ δουλεύων τῷ Χριστῷ εὐάρεστος τῷ θεῷ καὶ δόκιμος τοῖς ἀνθρώποις.,Trust
"ἔστιν ὁ πατήρ μου ὁ δοξάζων με, ὃν ὑμεῖς λέγετε ὅτι θεὸς ἡμῶν ἐστιν,",Joy
"ὥσπερ οἱ ὑποκριταὶ ποιοῦσιν ἐν ταῖς συναγωγαῖς καὶ ἐν ταῖς ῥύμαις, ὅπως δοξασθῶσιν ὑπὸ τῶν ἀνθρώπων·",Disgust
"ὅπως ἐνδοξασθῇ τὸ ὄνομα τοῦ κυρίου ἡμῶν Ἰησοῦ ἐν ὑμῖν, καὶ ὑμεῖς ἐν αὐτῷ, κατὰ τὴν χάριν τοῦ θεοῦ ἡμῶν καὶ κυρίου Ἰησοῦ Χριστοῦ.",Joy
εἴπερ συμπάσχομεν ἵνα καὶ συνδοξασθῶμεν.,Anticipation
ἴσως τοῦτον ἐντραπήσονται.,Anticipation
"Ἐρωτῶμεν δὲ ὑμᾶς, ἀδελφοί, εἰδέναι τοὺς κοπιῶντας ἐν ὑμῖν καὶ προϊσταμένους ὑμῶν ἐν κυρίῳ καὶ νουθετοῦντας ὑμᾶς,",Trust
ὁ φρονῶν τὴν ἡμέραν κυρίῳ φρονεῖ.,Trust
"τὸν δὲ βραχύ τι παρ’ ἀγγέλους ἠλαττωμένον βλέπομεν Ἰησοῦν διὰ τὸ πάθημα τοῦ θανάτου δόξῃ καὶ τιμῇ ἐστεφανωμένον,",Surprise
"τολμηταί, αὐθάδεις, δόξας οὐ τρέμουσιν, βλασφημοῦντες,",Anger
ἀλλ’ ἐμεγάλυνεν αὐτοὺς ὁ λαός·,Surprise
"διὸ καὶ ὁ θεὸς αὐτὸν ὑπερύψωσεν καὶ ἐχαρίσατο αὐτῷ τὸ ὄνομα τὸ ὑπὲρ πᾶν ὄνομα,",Surprise
"καὶ ἐπιβλέψητε ἐπὶ τὸν φοροῦντα τὴν ἐσθῆτα τὴν λαμπρὰν καὶ εἴπητε· Σὺ κάθου ὧδε καλῶς,",Trust
φιλοῦσιν δὲ τὴν πρωτοκλισίαν ἐν τοῖς δείπνοις καὶ τὰς πρωτοκαθεδρίας ἐν ταῖς συναγωγαῖς,Disgust
"διδάσκαλε, τί ἀγαθὸν ποιήσω ἵνα σχῶ ζωὴν αἰώνιον;",Anticipation
"πέπεισμαι δέ, ἀδελφοί μου, καὶ αὐτὸς ἐγὼ περὶ ὑμῶν, ὅτι καὶ αὐτοὶ μεστοί ἐστε ἀγαθωσύνης, πεπληρωμένοι πάσης τῆς γνώσεως, δυνάμενοι καὶ ἀλλήλους νουθετεῖν.",Trust
"τοιοῦτος γὰρ ἡμῖν καὶ ἔπρεπεν ἀρχιερεύς, ὅσιος, ἄκακος, ἀμίαντος, κεχωρισμένος ἀπὸ τῶν ἁμαρτωλῶν καὶ ὑψηλότερος τῶν οὐρανῶν γενόμενος·",Surprise
ὥστε καὶ οἱ πάσχοντες κατὰ τὸ θέλημα τοῦ θεοῦ πιστῷ κτίστῃ παρατιθέσθωσαν τὰς ψυχὰς αὐτῶν ἐν ἀγαθοποιΐᾳ.,Trust
ἐγώ εἰμι ὁ ποιμὴν ὁ καλός·,Trust
"ζηλοῦσιν ὑμᾶς οὐ καλῶς, ἀλλὰ ἐκκλεῖσαι ὑμᾶς θέλουσιν, ἵνα αὐτοὺς ζηλοῦτε.",Disgust
"ὑμεῖς δέ, ἀδελφοί, μὴ ἐγκακήσητε καλοποιοῦντες.",Anticipation
"Ἰησοῦν τὸν ἀπὸ Ναζαρέθ, ὡς ἔχρισεν αὐτὸν ὁ θεὸς πνεύματι ἁγίῳ καὶ δυνάμει, ὃς διῆλθεν εὐεργετῶν καὶ ἰώμενος πάντας τοὺς καταδυναστευομένους ὑπὸ τοῦ διαβόλου, ὅτι ὁ θεὸς ἦν μετ’ αὐτοῦ.",Joy
φθείρουσιν ἤθη χρηστὰ ὁμιλίαι κακαί.,Fear
"πάντες ἐξέκλιναν, ἅμα ἠχρεώθησαν· οὐκ ἔστιν ποιῶν χρηστότητα, οὐκ ἔστιν ἕως ἑνός.",Sadness
"τὸ λοιπόν, ἀδελφοί, ὅσα ἐστὶν ἀληθῆ, ὅσα σεμνά, ὅσα δίκαια, ὅσα ἁγνά, ὅσα προσφιλῆ, ὅσα εὔφημα, εἴ τις ἀρετὴ καὶ εἴ τις ἔπαινος, ταῦτα λογίζεσθε·",Joy
"ὡς πάντα ἡμῖν τῆς θείας δυνάμεως αὐτοῦ τὰ πρὸς ζωὴν καὶ εὐσέβειαν δεδωρημένης διὰ τῆς ἐπιγνώσεως τοῦ καλέσαντος ἡμᾶς διὰ δόξης καὶ ἀρετῆς,",Surprise
"Ἰωσὴφ δὲ ὁ ἀνὴρ αὐτῆς, δίκαιος ὢν καὶ μὴ θέλων αὐτὴν δειγματίσαι, ἐβουλήθη λάθρᾳ ἀπολῦσαι αὐτήν.",Sadness
"μακάριοι οἱ δεδιωγμένοι ἕνεκεν δικαιοσύνης, ὅτι αὐτῶν ἐστιν ἡ βασιλεία τῶν οὐρανῶν.",Joy
"Ἄρα οὖν ὡς δι’ ἑνὸς παραπτώματος εἰς πάντας ἀνθρώπους εἰς κατάκριμα, οὕτως καὶ δι’ ἑνὸς δικαιώματος εἰς πάντας ἀνθρώπους εἰς δικαίωσιν ζωῆς·",Joy
"καὶ μὴ καθὼς βλασφημούμεθα καὶ καθώς φασίν τινες ἡμᾶς λέγειν ὅτι Ποιήσωμεν τὰ κακά, ἵνα ἔλθῃ τὰ ἀγαθά;",Anger
"καὶ ἡμεῖς μὲν δικαίως, ἄξια γὰρ ὧν ἐπράξαμε ἀπολαμβάνομεν·",Trust
"γινέσθω δὲ ὁ θεὸς ἀληθής, πᾶς δὲ ἄνθρωπος ψεύστης, καθὼς γέγραπται· Ὅπως ἂν δικαιωθῇς ἐν τοῖς λόγοις σου καὶ νικήσεις ἐν τῷ κρίνεσθαί σε.",Fear
"οὐκ ἔστιν σοι μερὶς οὐδὲ κλῆρος ἐν τῷ λόγῳ τούτῳ, ἡ γὰρ καρδία σου οὐκ ἔστιν εὐθεῖα ἔναντι τοῦ θεοῦ.",Disgust
"καταλείποντες εὐθεῖαν ὁδὸν ἐπλανήθησαν, ἐξακολουθήσαντες τῇ ὁδῷ τοῦ Βαλαὰμ τοῦ Βοσὸρ ὃς μισθὸν ἀδικίας ἠγάπησεν,",Disgust
"πρὸς δὲ τὸν υἱόν· Ὁ θρόνος σου, ὁ θεός, εἰς τὸν αἰῶνα τοῦ αἰῶνος, καὶ ἡ ῥάβδος τῆς εὐθύτητος ῥάβδος τῆς βασιλείας σου.",Fear
τοῦτο γὰρ χάρις εἰ διὰ συνείδησιν θεοῦ ὑποφέρει τις λύπας πάσχων ἀδίκως.,Sadness
"καὶ ἐρεῖ λέγων ὑμῖν· Οὐκ οἶδα πόθεν ἐστέ· ἀπόστητε ἀπ’ ἐμοῦ, πάντες ἐργάται ἀδικίας.",Anger
"ἀλλὰ κατὰ τὸν καλέσαντα ὑμᾶς ἅγιον καὶ αὐτοὶ ἅγιοι ἐν πάσῃ ἀναστροφῇ γενήθητε, διότι γέγραπται· Ἅγιοι ἔσεσθε, ὅτι ἐγὼ ἅγιος.",Fear
"τίς οὐ μὴ φοβηθῇ, κύριε, καὶ δοξάσει τὸ ὄνομά σου;",Fear
"ὑμεῖς μάρτυρες καὶ ὁ θεός, ὡς ὁσίως καὶ δικαίως καὶ ἀμέμπτως ὑμῖν τοῖς πιστεύουσιν ἐγενήθημεν,",Trust
"τοῦ ὁρισθέντος υἱοῦ θεοῦ ἐν δυνάμει κατὰ πνεῦμα ἁγιωσύνης ἐξ ἀναστάσεως νεκρῶν, Ἰησοῦ Χριστοῦ τοῦ κυρίου ἡμῶν,",Surprise
"οἱ μὲν γὰρ πρὸς ὀλίγας ἡμέρας κατὰ τὸ δοκοῦν αὐτοῖς ἐπαίδευον, ὁ δὲ ἐπὶ τὸ συμφέρον εἰς τὸ μεταλαβεῖν τῆς ἁγιότητος αὐτοῦ.",Anticipation
ἐν ὁσιότητι καὶ δικαιοσύνῃ ἐνώπιον αὐτοῦ πάσαις ταῖς ἡμέραις ἡμῶν.,Joy
"Αὐτὸς δὲ ὁ θεὸς τῆς εἰρήνης ἁγιάσαι ὑμᾶς ὁλοτελεῖς, καὶ ὁλόκληρον ὑμῶν τὸ πνεῦμα καὶ ἡ ψυχὴ καὶ τὸ σῶμα ἀμέμπτως ἐν τῇ παρουσίᾳ τοῦ κυρίου ἡμῶν Ἰησοῦ Χριστοῦ τηρηθείη.",Anticipation
"Πάτερ ἡμῶν ὁ ἐν τοῖς οὐρανοῖς, ἁγιασθήτω τὸ ὄνομά σου·",Fear
ἐποπτεύσαντες τὴν ἐν φόβῳ ἁγνὴν ἀναστροφὴν ὑμῶν.,Trust
καὶ πᾶς ὁ ἔχων τὴν ἐλπίδα ταύτην ἐπ’ αὐτῷ ἁγνίζει ἑαυτὸν καθὼς ἐκεῖνος ἁγνός ἐστιν.,Anticipation
"ἐγγίσατε τῷ θεῷ, καὶ ἐγγιεῖ ὑμῖν.",Disgust
καὶ νῦν τί μέλλεις;,Anticipation
"καὶ ταῦτά τινες ἦτε· ἀλλὰ ἀπελούσασθε, ἀλλὰ ἡγιάσθητε, ἀλλὰ ἐδικαιώθητε ἐν τῷ ὀνόματι τοῦ κυρίου Ἰησοῦ Χριστοῦ καὶ ἐν τῷ πνεύματι τοῦ θεοῦ ἡμῶν.",Joy
"προσερχώμεθα μετὰ ἀληθινῆς καρδίας ἐν πληροφορίᾳ πίστεως, ῥεραντισμένοι τὰς καρδίας ἀπὸ συνειδήσεως πονηρᾶς καὶ λελουσμένοι τὸ σῶμα ὕδατι καθαρῷ·",Trust
ἡ γὰρ ὑμῶν ὑπακοὴ εἰς πάντας ἀφίκετο·,Joy
"Διό, ἀγαπητοί, ταῦτα προσδοκῶντες σπουδάσατε ἄσπιλοι καὶ ἀμώμητοι αὐτῷ εὑρεθῆναι ἐν εἰρήνῃ,",Anticipation
"καθὼς ἐξελέξατο ἡμᾶς ἐν αὐτῷ πρὸ καταβολῆς κόσμου εἶναι ἡμᾶς ἁγίους καὶ ἀμώμους κατενώπιον αὐτοῦ ἐν ἀγάπῃ,",Trust
"ἵνα γένησθε ἄμεμπτοι καὶ ἀκέραιοι, τέκνα θεοῦ ἄμωμα μέσον γενεᾶς σκολιᾶς καὶ διεστραμμένης, ἐν οἷς φαίνεσθε ὡς φωστῆρες ἐν κόσμῳ,",Anticipation
"Διό, ἀγαπητοί, ταῦτα προσδοκῶντες σπουδάσατε ἄσπιλοι καὶ ἀμώμητοι αὐτῷ εὑρεθῆναι ἐν εἰρήνῃ,",Anticipation
ἔσεσθε οὖν ὑμεῖς τέλειοι ὡς ὁ πατὴρ ὑμῶν ὁ οὐράνιος τέλειός ἐστιν.,Fear
"ἐπὶ πᾶσιν δὲ τούτοις τὴν ἀγάπην, ὅ ἐστιν σύνδεσμος τῆς τελειότητος.",Trust
"Σκιὰν γὰρ ἔχων ὁ νόμος τῶν μελλόντων ἀγαθῶν, οὐκ αὐτὴν τὴν εἰκόνα τῶν πραγμάτων, κατ’ ἐνιαυτὸν ταῖς αὐταῖς θυσίαις ἃς προσφέρουσιν εἰς τὸ διηνεκές, οὐδέποτε δύναται τοὺς προσερχομένους τελειῶσαι·",Sadness
"ὃς δ’ ἂν τηρῇ αὐτοῦ τὸν λόγον, ἀληθῶς ἐν τούτῳ ἡ ἀγάπη τοῦ θεοῦ τετελείωται.",Joy
"Εἰ μὲν οὖν τελείωσις διὰ τῆς Λευιτικῆς ἱερωσύνης ἦν, ὁ λαὸς γὰρ ἐπ’ αὐτῆς νενομοθέτηται, τίς ἔτι χρεία κατὰ τὴν τάξιν Μελχισέδεκ ἕτερον ἀνίστασθαι ἱερέα καὶ οὐ κατὰ τὴν τάξιν Ἀαρὼν λέγεσθαι;",Sadness
"καὶ ἀποστέλλουσιν αὐτῷ τοὺς μαθητὰς αὐτῶν μετὰ τῶν Ἡρῳδιανῶν λέγοντας· διδάσκαλε, οἴδαμεν ὅτι ἀληθὴς εἶ καὶ τὴν ὁδὸν τοῦ θεοῦ ἐν ἀληθείᾳ διδάσκεις, καὶ οὐ μέλει σοι περὶ οὐδενός, οὐ γὰρ βλέπεις εἰς πρόσωπον ἀνθρώπων.",Anticipation
"ἐπ’ ἐλπίδι ζωῆς αἰωνίου, ἣν ἐπηγγείλατο ὁ ἀψευδὴς θεὸς πρὸ χρόνων αἰωνίων,",Trust
"εἰς τὸ δοκιμάζειν ὑμᾶς τὰ διαφέροντα, ἵνα ἦτε εἰλικρινεῖς καὶ ἀπρόσκοποι εἰς ἡμέραν Χριστοῦ,",Anticipation
"ὥστε ἑορτάζωμεν, μὴ ἐν ζύμῃ παλαιᾷ, μηδὲ ἐν ζύμῃ κακίας καὶ πονηρίας, ἀλλ’ ἐν ἀζύμοις εἰλικρινείας καὶ ἀληθείας.",Disgust
"οὐ γάρ ἐσμεν ὡς οἱ πολλοὶ καπηλεύοντες τὸν λόγον τοῦ θεοῦ, ἀλλ’ ὡς ἐξ εἰλικρινείας, ἀλλ’ ὡς ἐκ θεοῦ κατέναντι θεοῦ ἐν Χριστῷ λαλοῦμεν.",Trust
"Οἱ δοῦλοι, ὑπακούετε κατὰ πάντα τοῖς κατὰ σάρκα κυρίοις, μὴ ἐν ὀφθαλμοδουλίαις ὡς ἀνθρωπάρεσκοι, ἀλλ’ ἐν ἁπλότητι καρδίας, φοβούμενοι τὸν κύριον.",Fear
"οἱ δὲ ἐξ ἐριθείας τὸν Χριστὸν καταγγέλλουσιν, οὐχ ἁγνῶς, οἰόμενοι θλῖψιν ἐγείρειν τοῖς δεσμοῖς μου.",Disgust
"ὑπὲρ βασιλέων καὶ πάντων τῶν ἐν ὑπεροχῇ ὄντων, ἵνα ἤρεμον καὶ ἡσύχιον βίον διάγωμεν ἐν πάσῃ εὐσεβείᾳ καὶ σεμνότητι.",Anticipation
"ὡς ἐν ἡμέρᾳ εὐσχημόνως περιπατήσωμεν, μὴ κώμοις καὶ μέθαις, μὴ κοίταις καὶ ἀσελγείαις, μὴ ἔριδι καὶ ζήλῳ·",Anticipation
"καυχάσθω δὲ ὁ ἀδελφὸς ὁ ταπεινὸς ἐν τῷ ὕψει αὐτοῦ, ὁ δὲ πλούσιος ἐν τῇ ταπεινώσει αὐτοῦ, ὅτι ὡς ἄνθος χόρτου παρελεύσεται.",Disgust
"ἄρατε τὸν ζυγόν μου ἐφ’ ὑμᾶς καὶ μάθετε ἀπ’ ἐμοῦ, ὅτι πραΰς εἰμι καὶ ταπεινὸς τῇ καρδίᾳ, καὶ εὑρήσετε ἀνάπαυσιν ταῖς ψυχαῖς ὑμῶν·",Trust
"δουλεύων τῷ κυρίῳ μετὰ πάσης ταπεινοφροσύνης καὶ δακρύων καὶ πειρασμῶν τῶν συμβάντων μοι ἐν ταῖς ἐπιβουλαῖς τῶν Ἰουδαίων,",Trust
"μηδεὶς ὑμᾶς καταβραβευέτω θέλων ἐν ταπεινοφροσύνῃ καὶ θρησκείᾳ τῶν ἀγγέλων, ἃ ἑόρακεν ἐμβατεύων, εἰκῇ φυσιούμενος ὑπὸ τοῦ νοὸς τῆς σαρκὸς αὐτοῦ,",Disgust
"Τὸ δὲ τέλος πάντες ὁμόφρονες, συμπαθεῖς, φιλάδελφοι, εὔσπλαγχνοι, ταπεινόφρονες,",Joy
"καθ’ ἡμέραν τε προσκαρτεροῦντες ὁμοθυμαδὸν ἐν τῷ ἱερῷ, κλῶντές τε κατ’ οἶκον ἄρτον, μετελάμβανον τροφῆς ἐν ἀγαλλιάσει καὶ ἀφελότητι καρδίας,",Joy
"ὅστις οὖν ταπεινώσει ἑαυτὸν ὡς τὸ παιδίον τοῦτο, οὗτός ἐστιν ὁ μείζων ἐν τῇ βασιλείᾳ τῶν οὐρανῶν.",Trust
"Μακάριοι οἱ πτωχοὶ τῷ πνεύματι, ὅτι αὐτῶν ἐστιν ἡ βασιλεία τῶν οὐρανῶν.",Trust
"ἐν ἔργοις καλοῖς μαρτυρουμένη, εἰ ἐτεκνοτρόφησεν, εἰ ἐξενοδόχησεν, εἰ ἁγίων πόδας ἔνιψεν, εἰ θλιβομένοις ἐπήρκεσεν, εἰ παντὶ ἔργῳ ἀγαθῷ ἐπηκολούθησεν.",Trust
"μετὰ πάσης ταπεινοφροσύνης καὶ πραΰτητος, μετὰ μακροθυμίας, ἀνεχόμενοι ἀλλήλων ἐν ἀγάπῃ,",Trust
"ἄρατε τὸν ζυγόν μου ἐφ’ ὑμᾶς καὶ μάθετε ἀπ’ ἐμοῦ, ὅτι πραΰς εἰμι καὶ ταπεινὸς τῇ καρδίᾳ, καὶ εὑρήσετε ἀνάπαυσιν ταῖς ψυχαῖς ὑμῶν·",Trust
"δοῦλον δὲ κυρίου οὐ δεῖ μάχεσθαι, ἀλλὰ ἤπιον εἶναι πρὸς πάντας, διδακτικόν, ἀνεξίκακον,",Trust
"ἵνα δὲ μὴ ἐπὶ πλεῖόν σε ἐγκόπτω, παρακαλῶ ἀκοῦσαί σε ἡμῶν συντόμως τῇ σῇ ἐπιεικείᾳ.",Trust
"Αὐτὸς δὲ ἐγὼ Παῦλος παρακαλῶ ὑμᾶς διὰ τῆς πραΰτητος καὶ ἐπιεικείας τοῦ Χριστοῦ, ὃς κατὰ πρόσωπον μὲν ταπεινὸς ἐν ὑμῖν, ἀπὼν δὲ θαρρῶ εἰς ὑμᾶς·",Trust
"Αὐτὸς δὲ ἐγὼ Παῦλος παρακαλῶ ὑμᾶς διὰ τῆς πραΰτητος καὶ ἐπιεικείας τοῦ Χριστοῦ, ὃς κατὰ πρόσωπον μὲν ταπεινὸς ἐν ὑμῖν, ἀπὼν δὲ θαρρῶ εἰς ὑμᾶς·",Anger
"μετριοπαθεῖν δυνάμενος τοῖς ἀγνοοῦσιν καὶ πλανωμένοις, ἐπεὶ καὶ αὐτὸς περίκειται ἀσθένειαν,",Trust
"καὶ εἰσελθὼν πρὸς αὐτὴν εἶπεν· Χαῖρε, κεχαριτωμένη, ὁ κύριος μετὰ σοῦ.",Surprise
"εἰς ἔπαινον δόξης τῆς χάριτος αὐτοῦ ἧς ἐχαρίτωσεν ἡμᾶς ἐν τῷ ἠγαπημένῳ,",Joy
Παῦλος δὲ ἐπιλεξάμενος Σιλᾶν ἐξῆλθεν παραδοθεὶς τῇ χάριτι τοῦ κυρίου ὑπὸ τῶν ἀδελφῶν.,Trust
"ἡ ἀγάπη μακροθυμεῖ, χρηστεύεται, ἡ ἀγάπη οὐ ζηλοῖ, οὐ περπερεύεται, οὐ φυσιοῦται,",Trust
"Ἐνδύσασθε οὖν, ὡς ἐκλεκτοὶ τοῦ θεοῦ ἅγιοι καὶ ἠγαπημένοι, σπλάγχνα οἰκτιρμοῦ, χρηστότητα, ταπεινοφροσύνην, πραΰτητα, μακροθυμίαν,",Trust
"ἢ τοῦ πλούτου τῆς χρηστότητος αὐτοῦ καὶ τῆς ἀνοχῆς καὶ τῆς μακροθυμίας καταφρονεῖς, ἀγνοῶν ὅτι τὸ χρηστὸν τοῦ θεοῦ εἰς μετάνοιάν σε ἄγει;",Anticipation
"Εὐλογητὸς ὁ θεὸς καὶ πατὴρ τοῦ κυρίου ἡμῶν Ἰησοῦ Χριστοῦ, ὁ εὐλογήσας ἡμᾶς ἐν πάσῃ εὐλογίᾳ πνευματικῇ ἐν τοῖς ἐπουρανίοις ἐν Χριστῷ,",Joy
"προϊδοῦσα δὲ ἡ γραφὴ ὅτι ἐκ πίστεως δικαιοῖ τὰ ἔθνη ὁ θεός, προευηγγελίσατο τῷ Ἀβραὰμ ὅτι Ἐνευλογηθήσονται ἐν σοὶ πάντα τὰ ἔθνη.",Anticipation
οἶδα δὲ ὅτι ἐρχόμενος πρὸς ὑμᾶς ἐν πληρώματι εὐλογίας Χριστοῦ ἐλεύσομαι.,Anticipation
"οἵ τε βάρβαροι παρεῖχον οὐ τὴν τυχοῦσαν φιλανθρωπίαν ἡμῖν, ἅψαντες γὰρ πυρὰν προσελάβοντο πάντας ἡμᾶς διὰ τὸν ὑετὸν τὸν ἐφεστῶτα καὶ διὰ τὸ ψῦχος.",Joy
"τῇ τε ἑτέρᾳ κατήχθημεν εἰς Σιδῶνα, φιλανθρώπως τε ὁ Ἰούλιος τῷ Παύλῳ χρησάμενος ἐπέτρεψεν πρὸς τοὺς φίλους πορευθέντι ἐπιμελείας τυχεῖν.",Joy
"Ἐν δὲ τοῖς περὶ τὸν τόπον ἐκεῖνον ὑπῆρχεν χωρία τῷ πρώτῳ τῆς νήσου ὀνόματι Ποπλίῳ, ὃς ἀναδεξάμενος ἡμᾶς τρεῖς ἡμέρας φιλοφρόνως ἐξένισεν.",Joy
"ἴδε οὖν χρηστότητα καὶ ἀποτομίαν θεοῦ· ἐπὶ μὲν τοὺς πεσόντας ἀποτομία, ἐπὶ δὲ σὲ χρηστότης θεοῦ, ἐὰν ἐπιμένῃς τῇ χρηστότητι, ἐπεὶ καὶ σὺ ἐκκοπήσῃ.",Fear
"διὰ τοῦτο ταῦτα ἀπὼν γράφω, ἵνα παρὼν μὴ ἀποτόμως χρήσωμαι κατὰ τὴν ἐξουσίαν ἣν ὁ κύριος ἔδωκέν μοι εἰς οἰκοδομὴν καὶ οὐκ εἰς καθαίρεσιν.",Anger
"ὁ θεός, ἱλάσθητί μοι τῷ ἁμαρτωλῷ.",Sadness
"Ἐλέησόν με, κύριε ⸀υἱὸς Δαυίδ· ἡ θυγάτηρ μου κακῶς δαιμονίζεται.",Sadness
"ὁ δὲ θεὸς πλούσιος ὢν ἐν ἐλέει, διὰ τὴν πολλὴν ἀγάπην αὐτοῦ ἣν ἠγάπησεν ἡμᾶς, καὶ ὄντας ἡμᾶς νεκροὺς τοῖς παραπτώμασιν συνεζωοποίησεν τῷ Χριστῷ.",Surprise
"ὅτι ἵλεως ἔσομαι ταῖς ἀδικίαις αὐτῶν, καὶ τῶν ἁμαρτιῶν ⸀αὐτῶν οὐ μὴ μνησθῶ ἔτι.",Trust
"μακάριοι οἱ ἐλεήμονες, ὅτι αὐτοὶ ἐλεηθήσονται.",Joy
"Ἵλεώς σοι, κύριε· οὐ μὴ ἔσται σοι τοῦτο.",Fear
"εἰ ἐν τῇ ζωῇ ταύτῃ ⸂ἐν Χριστῷ ἠλπικότες ἐσμὲν⸃ μόνον, ἐλεεινότεροι πάντων ἀνθρώπων ἐσμέν.",Sadness
"Ἐλεήσω ὃν ἂν ἐλεῶ, καὶ οἰκτιρήσω ὃν ἂν οἰκτίρω.",Fear
"Ἐνδύσασθε οὖν ὡς ἐκλεκτοὶ τοῦ θεοῦ, ἅγιοι καὶ ἠγαπημένοι, σπλάγχνα οἰκτιρμοῦ, χρηστότητα, ταπεινοφροσύνην, πραΰτητα, μακροθυμίαν,",Trust
ἡ γὰρ κρίσις ἀνέλεος τῷ μὴ ποιήσαντι ἔλεος·,Fear
"πεπληρωμένους πάσῃ ἀδικίᾳ πονηρίᾳ πλεονεξίᾳ κακίᾳ, μεστοὺς φθόνου φόνου ἔριδος δόλου κακοηθείας, ψιθυριστάς, καταλάλους, θεοστυγεῖς, ὑβριστάς, ὑπερηφάνους, ἀλαζόνας, ἐφευρετὰς κακῶν, γονεῦσιν ἀπειθεῖς, ἀσυνέτους, ἀσυνθέτους, ἀστόργους, ἀνελεήμονας·",Disgust
"πᾶς δὲ ὁ ἀγωνιζόμενος πάντα ἐγκρατεύεται, ἐκεῖνοι μὲν οὖν ἵνα φθαρτὸν στέφανον λάβωσιν, ἡμεῖς δὲ ἄφθαρτον.",Anticipation
διαλεγομένου δὲ αὐτοῦ περὶ δικαιοσύνης καὶ ἐγκρατείας καὶ τοῦ κρίματος τοῦ μέλλοντος ἔμφοβος γενόμενος ὁ Φῆλιξ ἀπεκρίθη·,Fear
"Εἴ τις δοκεῖ θρησκὸς εἶναι μὴ χαλιναγωγῶν γλῶσσαν αὐτοῦ ἀλλὰ ἀπατῶν καρδίαν αὐτοῦ, τούτου μάταιος ἡ θρησκεία.",Disgust
"ἡμεῖς δὲ ἡμέρας ὄντες νήφωμεν, ἐνδυσάμενοι θώρακα πίστεως καὶ ἀγάπης καὶ περικεφαλαίαν ἐλπίδα σωτηρίας·",Anticipation
τοὺς δὲ βεβήλους καὶ γραώδεις μύθους παραιτοῦ. γύμναζε δὲ σεαυτὸν πρὸς εὐσέβειαν·,Anticipation
"ἀλλὰ ὑπωπιάζω μου τὸ σῶμα καὶ δουλαγωγῶ, μή πως ἄλλοις κηρύξας αὐτὸς ἀδόκιμος γένωμαι.",Fear
"ἅτινά ἐστιν λόγον μὲν ἔχοντα σοφίας ἐν ἐθελοθρησκίᾳ καὶ ταπεινοφροσύνῃ καὶ ἀφειδίᾳ σώματος, οὐκ ἐν τιμῇ τινι πρὸς πλησμονὴν τῆς σαρκός.",Disgust
"μὴ ἀποστερεῖτε ἀλλήλους, εἰ μήτι ἂν ἐκ συμφώνου πρὸς καιρὸν ἵνα σχολάσητε τῇ προσευχῇ καὶ πάλιν ἐπὶ τὸ αὐτὸ ἦτε, ἵνα μὴ πειράζῃ ὑμᾶς ὁ Σατανᾶς διὰ τὴν ἀκρασίαν ὑμῶν.",Fear
"ἄστοργοι, ἄσπονδοι, διάβολοι, ἀκρατεῖς, ἀνήμεροι, ἀφιλάγαθοι,",Disgust
"οὐ γὰρ ἔδωκεν ἡμῖν ὁ θεὸς πνεῦμα δειλίας, ἀλλὰ δυνάμεως καὶ ἀγάπης καὶ σωφρονισμοῦ.",Trust
"καὶ μὴ μεθύσκεσθε οἴνῳ, ἐν ᾧ ἐστιν ἀσωτία, ἀλλὰ πληροῦσθε ἐν πνεύματι,",Disgust
"καὶ μετʼ οὐ πολλὰς ἡμέρας συναγαγὼν πάντα ὁ νεώτερος υἱὸς ἀπεδήμησεν εἰς χώραν μακράν, καὶ ἐκεῖ διεσκόρπισεν τὴν οὐσίαν αὐτοῦ ζῶν ἀσώτως.",Sadness
ἀναντιρρήτων οὖν ὄντων τούτων δέον ἐστὶν ὑμᾶς κατεσταλμένους ὑπάρχειν καὶ μηδὲν προπετὲς πράσσειν.,Fear
τοῦτο οὖν βουλόμενος μήτι ἄρα τῇ ἐλαφρίᾳ ἐχρησάμην;,Trust
"μέχρι καταντήσωμεν οἱ πάντες εἰς τὴν ἑνότητα τῆς πίστεως καὶ τῆς ἐπιγνώσεως τοῦ υἱοῦ τοῦ θεοῦ, εἰς ἄνδρα τέλειον, εἰς μέτρον ἡλικίας τοῦ πληρώματος τοῦ Χριστοῦ,",Anticipation
"Διὸ ἀφέντες τὸν τῆς ἀρχῆς τοῦ Χριστοῦ λόγον ἐπὶ τὴν τελειότητα φερώμεθα, μὴ πάλιν θεμέλιον καταβαλλόμενοι μετανοίας ἀπὸ νεκρῶν ἔργων, καὶ πίστεως ἐπὶ θεόν,",Anticipation
τοῖς δὲ τοιούτοις παραγγέλλομεν καὶ παρακαλοῦμεν ἐν κυρίῳ Ἰησοῦ Χριστῷ ἵνα μετὰ ἡσυχίας ἐργαζόμενοι τὸν ἑαυτῶν ἄρτον ἐσθίωσιν.,Anger
"ἀλλʼ ὁ κρυπτὸς τῆς καρδίας ἄνθρωπος ἐν τῷ ἀφθάρτῳ τοῦ πραέως καὶ ἡσυχίου πνεύματος, ὅ ἐστιν ἐνώπιον τοῦ θεοῦ πολυτελές.",Trust
"ὑπὲρ βασιλέων καὶ πάντων τῶν ἐν ὑπεροχῇ ὄντων, ἵνα ἤρεμον καὶ ἡσύχιον βίον διάγωμεν ἐν πάσῃ εὐσεβείᾳ καὶ σεμνότητι.",Anticipation
"ὥστε ἑορτάζωμεν, μὴ ἐν ζύμῃ παλαιᾷ μηδὲ ἐν ζύμῃ κακίας καὶ πονηρίας, ἀλλʼ ἐν ἀζύμοις εἰλικρινείας καὶ ἀληθείας.",Disgust
"λέγουσιν αὐτῷ· Κακοὺς κακῶς ἀπολέσει αὐτούς, καὶ τὸν ἀμπελῶνα ἐκδώσεται ἄλλοις γεωργοῖς, οἵτινες ἀποδώσουσιν αὐτῷ τοὺς καρποὺς ἐν τοῖς καιροῖς αὐτῶν.",Anticipation
"πονηροὶ δὲ ἄνθρωποι καὶ γόητες προκόψουσιν ἐπὶ τὸ χεῖρον, πλανῶντες καὶ πλανώμενοι.",Sadness
"ὅτι οὐκ ἔστιν ἡμῖν ἡ πάλη πρὸς αἷμα καὶ σάρκα, ἀλλὰ πρὸς τὰς ἀρχάς, πρὸς τὰς ἐξουσίας, πρὸς τοὺς κοσμοκράτορας τοῦ σκότους τούτου, πρὸς τὰ πνευματικὰ τῆς πονηρίας ἐν τοῖς ἐπουρανίοις.",Fear
"πλεονεξίαι, πονηρίαι, δόλος, ἀσέλγεια, ὀφθαλμὸς πονηρός, βλασφημία, ὑπερηφανία, ἀφροσύνη·",Disgust
μακάριοί ἐστε ὅταν ὀνειδίσωσιν ὑμᾶς καὶ διώξωσιν καὶ εἴπωσιν πᾶν πονηρὸν καθʼ ὑμῶν ψευδόμενοι ἕνεκεν ἐμοῦ.,Sadness
"Καὶ καθὼς οὐκ ἐδοκίμασαν τὸν θεὸν ἔχειν ἐν ἐπιγνώσει, παρέδωκεν αὐτοὺς ὁ θεὸς εἰς ἀδόκιμον νοῦν, ποιεῖν τὰ μὴ καθήκοντα,",Disgust
"πεπληρωμένους πάσῃ ἀδικίᾳ πονηρίᾳ πλεονεξίᾳ κακίᾳ, μεστοὺς φθόνου φόνου ἔριδος δόλου κακοηθείας, ψιθυριστάς,",Disgust
"τὴν ἀναστροφὴν ὑμῶν ἐν τοῖς ἔθνεσιν ἔχοντες καλήν, ἵνα, ἐν ᾧ καταλαλοῦσιν ὑμῶν ὡς κακοποιῶν, ἐκ τῶν καλῶν ἔργων ἐποπτεύοντες δοξάσωσι τὸν θεὸν ἐν ἡμέρᾳ ἐπισκοπῆς.",Sadness
τοὺς δὲ βεβήλους καὶ γραώδεις μύθους παραιτοῦ.,Disgust
"πᾶς γὰρ ὁ φαῦλα πράσσων μισεῖ τὸ φῶς καὶ οὐκ ἔρχεται πρὸς τὸ φῶς, ἵνα μὴ ἐλεγχθῇ τὰ ἔργα αὐτοῦ·",Disgust
Ἔτι γὰρ Χριστὸς ὄντων ἡμῶν ἀσθενῶν ἔτι κατὰ καιρὸν ὑπὲρ ἀσεβῶν ἀπέθανεν.,Sadness
"ἀπεκρίθησαν καὶ εἶπαν αὐτῷ· Ἐν ἁμαρτίαις σὺ ἐγεννήθης ὅλος, καὶ σὺ διδάσκεις ἡμᾶς;",Disgust
"εἶπέν τις ἐξ αὐτῶν, ἴδιος αὐτῶν προφήτης, Κρῆτες ἀεὶ ψεῦσται, κακὰ θηρία, γαστέρες ἀργαί·",Disgust
"καὶ εἶπεν αὐτοῖς· Πορευθέντες εἴπατε τῇ ἀλώπεκι ταύτῃ· Ἰδοὺ ἐκβάλλω δαιμόνια καὶ ἰάσεις ἀποτελῶ σήμερον καὶ αὔριον, καὶ τῇ τρίτῃ τελειοῦμαι.",Disgust
"ἐγὼ οἶδα ὅτι εἰσελεύσονται μετὰ τὴν ἄφιξίν μου λύκοι βαρεῖς εἰς ὑμᾶς μὴ φειδόμενοι τοῦ ποιμνίου,",Fear
"Βλέπετε τοὺς κύνας, βλέπετε τοὺς κακοὺς ἐργάτας, βλέπετε τὴν κατατομήν.",Disgust
"γεννήματα ἐχιδνῶν, πῶς δύνασθε ἀγαθὰ λαλεῖν πονηροὶ ὄντες;",Disgust
"ὄφεις γεννήματα ἐχιδνῶν, πῶς φύγητε ἀπὸ τῆς κρίσεως τῆς γεέννης;",Disgust
ἀπεκρίθη αὐτοῖς ὁ Ἰησοῦς· Οὐκ ἐγὼ ὑμᾶς τοὺς δώδεκα ἐξελεξάμην; καὶ ἐξ ὑμῶν εἷς διάβολός ἐστιν.,Sadness
"ὃς ἐρρύσατο ἡμᾶς ἐκ τῆς ἐξουσίας τοῦ σκότους καὶ μετέστησεν εἰς τὴν βασιλείαν τοῦ υἱοῦ τῆς ἀγάπης αὐτοῦ,",Joy
"ὁ δὲ μισῶν τὸν ἀδελφὸν αὐτοῦ ἐν τῇ σκοτίᾳ ἐστὶν καὶ ἐν τῇ σκοτίᾳ περιπατεῖ, καὶ οὐκ οἶδεν ποῦ ὑπάγει, ὅτι ἡ σκοτία ἐτύφλωσεν τοὺς ὀφθαλμοὺς αὐτοῦ.",Disgust
"ἐλιθάσθησαν, ἐπρίσθησαν, ἐν φόνῳ μαχαίρης ἀπέθανον, περιῆλθον ἐν μηλωταῖς, ἐν αἰγείοις δέρμασιν, ὑστερούμενοι, θλιβόμενοι, κακουχούμενοι,",Sadness
καὶ ἰδών τινα ἀδικούμενον ἠμύνατο καὶ ἐποίησεν ἐκδίκησιν τῷ καταπονουμένῳ πατάξας τὸν Αἰγύπτιον.,Anger
καὶ πάλιν ἀπέστειλεν πρὸς αὐτοὺς ἄλλον δοῦλον· κἀκεῖνον ἐκεφαλίωσαν καὶ ἠτίμασαν.,Sadness
"ὁ δὲ ἀποκριθεὶς ἑνὶ αὐτῶν εἶπεν· Ἑταῖρε, οὐκ ἀδικῶ σε·",Anger
οἱ δὲ λοιποὶ κρατήσαντες τοὺς δούλους αὐτοῦ ὕβρισαν καὶ ἀπέκτειναν.,Anger
"διὸ εὐδοκῶ ἐν ἀσθενείαις, ἐν ὕβρεσιν, ἐν ἀνάγκαις, ἐν διωγμοῖς καὶ στενοχωρίαις, ὑπὲρ Χριστοῦ·",Sadness
"καταλάλους, θεοστυγεῖς, ὑβριστάς, ὑπερηφάνους, ἀλαζόνας, ἐφευρετὰς κακῶν, γονεῦσιν ἀπειθεῖς,",Disgust
"ὁ δὲ ἔφη αὐτοῖς· Ἠλίας μὲν ἐλθὼν πρῶτον ἀποκαθιστάνει πάντα, καὶ πῶς γέγραπται ἐπὶ τὸν υἱὸν τοῦ ἀνθρώπου ἵνα πολλὰ πάθῃ καὶ ἐξουδενηθῇ;",Sadness
"τί γάρ ἐστιν ὃ ἡσσώθητε ὑπὲρ τὰς λοιπὰς ἐκκλησίας, εἰ μὴ ὅτι αὐτὸς ἐγὼ οὐ κατενάρκησα ὑμῶν;",Anger
καὶ περὶ πάντων τῶν σκληρῶν ὧν ἐλάλησαν κατʼ αὐτοῦ ἁμαρτωλοὶ ἀσεβεῖς.,Anger
"Κύριε, ἔγνων σε ὅτι σκληρὸς εἶ ἄνθρωπος, θερίζων ὅπου οὐκ ἔσπειρας καὶ συνάγων ὅθεν οὐ διεσκόρπισας·",Fear
"ἐφοβούμην γάρ σε ὅτι ἄνθρωπος αὐστηρὸς εἶ, αἴρεις ὃ οὐκ ἔθηκας καὶ θερίζεις ὃ οὐκ ἔσπειρας.",Fear
"καὶ συλλέξουσιν ἐκ τῆς βασιλείας αὐτοῦ πάντα τὰ σκάνδαλα καὶ τοὺς ποιοῦντας τὴν ἀνομίαν,",Disgust
"τοῦτον τῇ ὡρισμένῃ βουλῇ καὶ προγνώσει τοῦ θεοῦ ἔκδοτον διὰ χειρὸς ἀνόμων προσπήξαντες ἀνείλατε,",Disgust
καὶ δίκαιον Λὼτ καταπονούμενον ὑπὸ τῆς τῶν ἀθέσμων ἐν ἀσελγείᾳ ἀναστροφῆς ἐρρύσατο—,Sadness
ἔλεγξιν δὲ ἔσχεν ἰδίας παρανομίας·,Anger
"πεπορευμένους ἐν ἀσελγείαις, ἐπιθυμίαις, οἰνοφλυγίαις, κώμοις, πότοις, καὶ ἀθεμίτοις εἰδωλολατρίαις.",Disgust
"τὸ μὴ ὑπερβαίνειν καὶ πλεονεκτεῖν ἐν τῷ πράγματι τὸν ἀδελφὸν αὐτοῦ, διότι ἔκδικος κύριος περὶ πάντων τούτων, καθὼς καὶ προείπαμεν ὑμῖν καὶ διεμαρτυράμεθα.",Fear
"ἀναγκαῖον οὖν ἡγησάμην παρακαλέσαι τοὺς ἀδελφοὺς ἵνα προέλθωσιν εἰς ὑμᾶς καὶ προκαταρτίσωσι τὴν προεπηγγελμένην εὐλογίαν ὑμῶν, ταύτην ἑτοίμην εἶναι οὕτως ὡς εὐλογίαν καὶ μὴ ὡς πλεονεξίαν.",Disgust
"ἀνέχεσθε γὰρ εἴ τις ὑμᾶς καταδουλοῖ, εἴ τις κατεσθίει, εἴ τις λαμβάνει, εἴ τις ἐπαίρεται, εἴ τις εἰς πρόσωπον ὑμᾶς δέρει.",Anger
"ἀνέχεσθε γὰρ εἴ τις ὑμᾶς καταδουλοῖ, εἴ τις κατεσθίει, εἴ τις λαμβάνει, εἴ τις ἐπαίρεται, εἴ τις εἰς πρόσωπον ὑμᾶς δέρει.",Anger
οὗτος κατασοφισάμενος τὸ γένος ἡμῶν ἐκάκωσεν τοὺς πατέρας τοῦ ποιεῖν τὰ βρέφη ἔκθετα αὐτῶν εἰς τὸ μὴ ζῳογονεῖσθαι.,Sadness
καὶ ἐν πλεονεξίᾳ πλαστοῖς λόγοις ὑμᾶς ἐμπορεύσονται·,Disgust
"οὐκ ἀσχημονεῖ, οὐ ζητεῖ τὰ ἑαυτῆς, οὐ παροξύνεται, οὐ λογίζεται τὸ κακόν,",Trust
ἄρσενες ἐν ἄρσεσιν τὴν ἀσχημοσύνην κατεργαζόμενοι καὶ τὴν ἀντιμισθίαν ἣν ἔδει τῆς πλάνης αὐτῶν ἐν ἑαυτοῖς ἀπολαμβάνοντες.,Disgust
"κύματα ἄγρια θαλάσσης ἐπαφρίζοντα τὰς ἑαυτῶν αἰσχύνας, ἀστέρες πλανῆται οἷς ὁ ζόφος τοῦ σκότους εἰς αἰῶνα τετήρηται.",Disgust
"καὶ αἰσχρότης καὶ μωρολογία ἢ εὐτραπελία, ἃ οὐκ ἀνῆκεν, ἀλλὰ μᾶλλον εὐχαριστία.",Disgust
"οὗτοί εἰσιν οἱ ἐν ταῖς ἀγάπαις ὑμῶν σπιλάδες συνευωχούμενοι, ἀφόβως ἑαυτοὺς ποιμαίνοντες,",Disgust
οἴδατε ὅτι ὅτε ἔθνη ἦτε πρὸς τὰ εἴδωλα τὰ ἄφωνα ὡς ἂν ἤγεσθε ἀπαγόμενοι.,Sadness
τοῦτο λέγω ἵνα μηδεὶς ὑμᾶς παραλογίζηται ἐν πιθανολογίᾳ.,Fear
"ταῖς γλώσσαις αὐτῶν ἐδολιοῦσαν,",Sadness
καὶ συνεβουλεύσαντο ἵνα τὸν Ἰησοῦν δόλῳ κρατήσωσιν καὶ ἀποκτείνωσιν·,Anticipation
"οἱ γὰρ τοιοῦτοι ψευδαπόστολοι, ἐργάται δόλιοι, μετασχηματιζόμενοι εἰς ἀποστόλους Χριστοῦ·",Disgust
"Τότε Ἡρῴδης ἰδὼν ὅτι ἐνεπαίχθη ὑπὸ τῶν μάγων ἐθυμώθη λίαν,",Anger
"ἵνα μηκέτι ὦμεν νήπιοι, κλυδωνιζόμενοι καὶ περιφερόμενοι παντὶ ἀνέμῳ τῆς διδασκαλίας ἐν τῇ κυβείᾳ τῶν ἀνθρώπων ἐν πανουργίᾳ πρὸς τὴν μεθοδείαν τῆς πλάνης,",Fear
ἐνδύσασθε τὴν πανοπλίαν τοῦ θεοῦ πρὸς τὸ δύνασθαι ὑμᾶς στῆναι πρὸς τὰς μεθοδείας τοῦ διαβόλου·,Fear
"Ὦ ἀνόητοι Γαλάται, τίς ὑμᾶς ἐβάσκανεν, οἷς κατʼ ὀφθαλμοὺς Ἰησοῦς Χριστὸς προεγράφη ἐσταυρωμένος;",Anger
"Τινὲς μὲν καὶ διὰ φθόνον καὶ ἔριν, τινὲς δὲ καὶ διʼ εὐδοκίαν τὸν Χριστὸν κηρύσσουσιν·",Sadness
ἰδόντες δὲ οἱ Ἰουδαῖοι τοὺς ὄχλους ἐπλήσθησαν ζήλου καὶ ἀντέλεγον τοῖς ὑπὸ Παύλου λαλουμένοις βλασφημοῦντες.,Anger
"Ζηλώσαντες δὲ οἱ Ἰουδαῖοι καὶ προσλαβόμενοι τῶν ἀγοραίων ἄνδρας τινὰς πονηροὺς καὶ ὀχλοποιήσαντες ἐθορύβουν τὴν πόλιν,",Anger
"Ἐγὼ παραζηλώσω ὑμᾶς ἐπʼ οὐκ ἔθνει, ἐπʼ ἔθνει ἀσυνέτῳ παροργιῶ ὑμᾶς.",Anger
"ὀφθαλμὸς πονηρός, βλασφημία, ὑπερηφανία, ἀφροσύνη·",Disgust
ἢ ὁ ὀφθαλμός σου πονηρός ἐστιν ὅτι ἐγὼ ἀγαθός εἰμι;,Anger
εἰς γὰρ χολὴν πικρίας καὶ σύνδεσμον ἀδικίας ὁρῶ σε ὄντα.,Disgust
"τοῖς δὲ ἐξ ἐριθείας καὶ ⸀ἀπειθοῦσι τῇ ἀληθείᾳ πειθομένοις δὲ τῇ ἀδικίᾳ ⸂ὀργὴ καὶ θυμός⸃,",Anger
"οἱ δὲ ἐξ ⸂ἐριθείας τὸν Χριστὸν καταγγέλλουσιν, οὐχ ἁγνῶς, οἰόμενοι θλῖψιν ἐγείρειν τοῖς δεσμοῖς μου⸃.",Disgust
"ἡ δὲ Ἡρῳδιὰς ἐνεῖχεν αὐτῷ καὶ ἤθελεν αὐτὸν ἀποκτεῖναι, καὶ οὐκ ἠδύνατο·",Anticipation
"εἰ δὲ ζῆλον πικρὸν ἔχετε καὶ ἐριθείαν ἐν τῇ καρδίᾳ ὑμῶν, μὴ κατακαυχᾶσθε καὶ ψεύδεσθε κατὰ τῆς ἀληθείας.",Disgust
"εἰ περιτομὴν ⸀λαμβάνει ἄνθρωπος ἐν σαββάτῳ ἵνα μὴ λυθῇ ὁ νόμος Μωϋσέως, ἐμοὶ χολᾶτε ὅτι ὅλον ἄνθρωπον ὑγιῆ ἐποίησα ἐν σαββάτῳ;",Anger
τίσιν δὲ προσώχθισεν τεσσεράκοντα ἔτη;,Anger
"Ἐγὼ παραζηλώσω ὑμᾶς ἐπʼ οὐκ ἔθνει, ἐπʼ ἔθνει ἀσυνέτῳ παροργιῶ ὑμᾶς.",Anger
"καὶ ἐπλήσθησαν πάντες θυμοῦ ἐν τῇ συναγωγῇ ἀκούοντες ταῦτα,",Anger
"Τότε Ἡρῴδης ἰδὼν ὅτι ἐνεπαίχθη ὑπὸ τῶν μάγων ἐθυμώθη λίαν,",Anger
Ἦν ⸀δὲ θυμομαχῶν Τυρίοις καὶ Σιδωνίοις·,Anger
Οἱ δὲ ⸀ἀκούσαντες διεπρίοντο καὶ ἐβούλοντο ἀνελεῖν αὐτούς.,Anger
περισσῶς τε ἐμμαινόμενος αὐτοῖς ἐδίωκον ἕως καὶ εἰς τὰς ἔξω πόλεις.,Anger
"αὐτοὶ δὲ ἐπλήσθησαν ἀνοίας, καὶ διελάλουν πρὸς ἀλλήλους τί ἂν ποιήσαιεν τῷ Ἰησοῦ.",Anger
Ἀκούοντες δὲ ταῦτα διεπρίοντο ταῖς καρδίαις αὐτῶν καὶ ἔβρυχον τοὺς ὀδόντας ἐπʼ αὐτόν.,Anger
Ἱνατί ἐφρύαξαν ἔθνη καὶ λαοὶ ἐμελέτησαν κενά;,Anger
"ἀλλὰ ἀπολογίαν, ἀλλὰ ἀγανάκτησιν, ἀλλὰ φόβον, ἀλλὰ ἐπιπόθησιν, ἀλλὰ ζῆλον, ἀλλὰ ἐκδίκησιν·",Anger
Καὶ ἀκούσαντες οἱ δέκα ἤρξαντο ἀγανακτεῖν περὶ Ἰακώβου καὶ Ἰωάννου.,Anger
"οὐκ ἀσχημονεῖ, οὐ ζητεῖ τὰ ἑαυτῆς, οὐ παροξύνεται, οὐ λογίζεται τὸ κακόν,",Trust
παρωξύνετο τὸ πνεῦμα αὐτοῦ ἐν αὐτῷ ⸀θεωροῦντος κατείδωλον οὖσαν τὴν πόλιν.,Anger
"διαπονούμενοι διὰ τὸ διδάσκειν αὐτοὺς τὸν λαὸν καὶ καταγγέλλειν ἐν τῷ Ἰησοῦ τὴν ἀνάστασιν ⸂τὴν ἐκ⸃ νεκρῶν,",Anger
διαπονηθεὶς ⸀δὲ Παῦλος καὶ ἐπιστρέψας τῷ πνεύματι εἶπεν·,Anger
"⸀Ἔα, τί ἡμῖν καὶ σοί, Ἰησοῦ Ναζαρηνέ;",Fear
"ἢ τοῦ πλούτου τῆς χρηστότητος αὐτοῦ καὶ τῆς ἀνοχῆς καὶ τῆς μακροθυμίας καταφρονεῖς, ἀγνοῶν ὅτι τὸ χρηστὸν τοῦ θεοῦ εἰς μετάνοιάν σε ἄγει;",Anger
"Ἴδετε, οἱ καταφρονηταί, καὶ θαυμάσατε καὶ ἀφανίσθητε,",Anger
μὴ κατακαυχῶ τῶν κλάδων·,Anger
Εἶπεν δὲ ⸀καὶ πρός τινας τοὺς πεποιθότας ἐφʼ ἑαυτοῖς ὅτι εἰσὶν δίκαια καὶ ἐξουθενοῦντας τοὺς λοιποὺς τὴν παραβολὴν ταύτην·,Disgust
"πόσῳ δοκεῖτε χείρονος ἀξιωθήσεται τιμωρίας ὁ τὸν υἱὸν τοῦ θεοῦ καταπατήσας,",Anger
"οἱ δὲ πολῖται αὐτοῦ ἐμίσουν αὐτόν, καὶ ἀπέστειλαν πρεσβείαν ὀπίσω αὐτοῦ λέγοντες·",Anger
πᾶσα πικρία καὶ θυμὸς καὶ ὀργὴ καὶ κραυγὴ καὶ βλασφημία ἀρθήτω ἀφʼ ὑμῶν σὺν πάσῃ κακίᾳ.,Anger
οἱ δὲ ⸀ἀπειθήσαντες Ἰουδαῖοι ἐπήγειραν καὶ ἐκάκωσαν τὰς ψυχὰς τῶν ἐθνῶν κατὰ τῶν ἀδελφῶν.,Anger
ὧν τὸ στόμα ἀρᾶς καὶ πικρίας γέμει·,Anger
πᾶσα πικρία καὶ θυμὸς καὶ ὀργὴ καὶ κραυγὴ καὶ βλασφημία ἀρθήτω ἀφʼ ὑμῶν σὺν πάσῃ κακίᾳ.,Anger
"οἱ ἄνδρες, ἀγαπᾶτε τὰς γυναῖκας καὶ μὴ πικραίνεσθε πρὸς αὐτάς.",Anger
"ἀποστυγοῦντες τὸ πονηρόν, κολλώμενοι τῷ ἀγαθῷ·",Disgust
"ἦμεν γάρ ποτε καὶ ἡμεῖς ἀνόητοι, ἀπειθεῖς, πλανώμενοι, δουλεύοντες ἐπιθυμίαις καὶ ἡδοναῖς ποικίλαις, ἐν κακίᾳ καὶ φθόνῳ διάγοντες, στυγητοί, μισοῦντες ἀλλήλους.",Sadness
"καταλάλους, θεοστυγεῖς, ὑβριστάς, ὑπερηφάνους, ἀλαζόνας, ἐφευρετὰς κακῶν, γονεῦσιν ἀπειθεῖς,",Disgust
"καὶ πᾶν ὕψωμα ἐπαιρόμενον κατὰ τῆς γνώσεως τοῦ θεοῦ, καὶ αἰχμαλωτίζοντες πᾶν νόημα εἰς τὴν ὑπακοὴν τοῦ Χριστοῦ,",Anticipation
ὅτι τὸ ἐν ἀνθρώποις ὑψηλὸν βδέλυγμα ἐνώπιον τοῦ θεοῦ.,Disgust
καὶ τῇ ὑπερβολῇ τῶν ἀποκαλύψεων.,Anticipation
"ἀνέχεσθε γὰρ εἴ τις ὑμᾶς καταδουλοῖ, εἴ τις κατεσθίει, εἴ τις λαμβάνει, εἴ τις ἐπαίρεται, εἴ τις ⸂εἰς πρόσωπον ὑμᾶς⸃ δέρει.",Disgust
"μοιχεῖαι⸃, πλεονεξίαι, πονηρίαι, δόλος, ἀσέλγεια, ὀφθαλμὸς πονηρός, βλασφημία, ὑπερηφανία, ἀφροσύνη·",Disgust
μείζονα δὲ δίδωσιν χάριν· διὸ λέγει· Ὁ θεὸς ὑπερηφάνοις ἀντιτάσσεται ταπεινοῖς δὲ δίδωσιν χάριν.,Anticipation
"φοβοῦμαι γὰρ μή πως ἐλθὼν οὐχ οἵους θέλω εὕρω ὑμᾶς, κἀγὼ εὑρεθῶ ὑμῖν οἷον οὐ θέλετε, μή πως ⸀ἔρις, ⸀ζῆλος, θυμοί, ἐριθεῖαι, καταλαλιαί, ψιθυρισμοί, φυσιώσεις, ἀκαταστασίαι·",Anticipation
"Ταῦτα δέ, ἀδελφοί, μετεσχημάτισα εἰς ἐμαυτὸν καὶ ⸀Ἀπολλῶν διʼ ὑμᾶς, ἵνα ἐν ἡμῖν μάθητε τό· Μὴ ὑπὲρ ⸀ἃ ⸀γέγραπται, ἵνα μὴ εἷς ὑπὲρ τοῦ ἑνὸς φυσιοῦσθε κατὰ τοῦ ἑτέρου.",Anger
"ἡ γνῶσις φυσιοῖ, ἡ δὲ ἀγάπη οἰκοδομεῖ.",Disgust
νῦν δὲ καυχᾶσθε ἐν ταῖς ἀλαζονείαις ὑμῶν· πᾶσα καύχησις τοιαύτη πονηρά ἐστιν.,Disgust
"ἔσονται γὰρ οἱ ἄνθρωποι φίλαυτοι, φιλάργυροι, ἀλαζόνες, ὑπερήφανοι, βλάσφημοι, γονεῦσιν ἀπειθεῖς, ἀχάριστοι, ἀνόσιοι,",Disgust
"κατὰ δὲ τὴν σκληρότητά σου καὶ ἀμετανόητον καρδίαν θησαυρίζεις σεαυτῷ ὀργὴν ἐν ἡμέρᾳ ὀργῆς καὶ ⸀ἀποκαλύψεως δικαιοκρισίας τοῦ θεοῦ,",Anger
"Σκληροτράχηλοι καὶ ἀπερίτμητοι ⸀καρδίαις καὶ τοῖς ὠσίν, ὑμεῖς ἀεὶ τῷ πνεύματι τῷ ἁγίῳ ἀντιπίπτετε, ὡς οἱ πατέρες ὑμῶν καὶ ὑμεῖς.",Anger
"λέγει αὐτοῖς ὅτι Μωϋσῆς πρὸς τὴν σκληροκαρδίαν ὑμῶν ἐπέτρεψεν ὑμῖν ἀπολῦσαι τὰς γυναῖκας ὑμῶν, ἀπʼ ἀρχῆς δὲ οὐ γέγονεν οὕτως.",Sadness
"ὡς δέ τινες ἐσκληρύνοντο καὶ ἠπείθουν κακολογοῦντες τὴν ὁδὸν ἐνώπιον τοῦ πλήθους, ἀποστὰς ἀπʼ αὐτῶν ἀφώρισεν τοὺς μαθητάς, καθʼ ἡμέραν διαλεγόμενος ἐν τῇ σχολῇ ⸀Τυράννου.",Sadness
"ἄρα οὖν ὃν θέλει ἐλεεῖ, ὃν δὲ θέλει σκληρύνει.",Fear
ὁ δὲ εἰδὼς αὐτῶν τὴν ὑπόκρισιν εἶπεν αὐτοῖς· Τί με πειράζετε;,Anger
"καὶ συνυπεκρίθησαν αὐτῷ ⸀καὶ οἱ λοιποὶ Ἰουδαῖοι, ὥστε καὶ Βαρναβᾶς συναπήχθη αὐτῶν τῇ ὑποκρίσει.",Sadness
"Ὅταν δὲ νηστεύητε, μὴ γίνεσθε ⸀ὡς οἱ ὑποκριταὶ σκυθρωποί, ἀφανίζουσιν γὰρ τὰ πρόσωπα αὐτῶν ὅπως φανῶσιν τοῖς ἀνθρώποις νηστεύοντες·",Disgust
"τῶν δὲ ναυτῶν ζητούντων φυγεῖν ἐκ τοῦ πλοίου καὶ χαλασάντων τὴν σκάφην εἰς τὴν θάλασσαν προφάσει ὡς ἐκ πρῴρης ⸂ἀγκύρας μελλόντων⸃ ἐκτείνειν,",Fear
"εἰ ἀπιστοῦμεν, ἐκεῖνος πιστὸς μένει· ⸀ἀρνήσασθαι ἑαυτὸν οὐ δύναται.",Trust
"πονηροὶ δὲ ἄνθρωποι καὶ γόητες προκόψουσιν ἐπὶ τὸ χεῖρον, πλανῶντες καὶ πλανώμενοι.",Disgust
"⸀Προσέχετε ἀπὸ τῶν ψευδοπροφητῶν, οἵτινες ἔρχονται πρὸς ὑμᾶς ἐν ἐνδύμασι προβάτων ἔσωθεν δέ εἰσιν λύκοι ἅρπαγες.",Fear
"τότε ὁ Παῦλος πρὸς αὐτὸν εἶπεν· Τύπτειν σε μέλλει ὁ θεός, τοῖχε κεκονιαμένε· καὶ σὺ κάθῃ κρίνων με κατὰ τὸν νόμον, καὶ παρανομῶν κελεύεις με τύπτεσθαι;",Anger
"ὅσοι θέλουσιν εὐπροσωπῆσαι ἐν σαρκί, οὗτοι ἀναγκάζουσιν ὑμᾶς περιτέμνεσθαι, μόνον ⸀ἵνα τῷ σταυρῷ τοῦ ⸀Χριστοῦ ⸀μὴ διώκωνται·",Disgust
"καὶ διεστέλλετο αὐτοῖς λέγων· Ὁρᾶτε, βλέπετε ἀπὸ τῆς ζύμης τῶν Φαρισαίων καὶ τῆς ζύμης Ἡρῴδου.",Disgust
"Ἐν οἷς ἐπισυναχθεισῶν τῶν μυριάδων τοῦ ὄχλου, ὥστε καταπατεῖν ἀλλήλους, ἤρξατο λέγειν πρὸς τοὺς μαθητὰς αὐτοῦ πρῶτον· Προσέχετε ἑαυτοῖς ἀπὸ τῆς ζύμης, ⸂ἥτις ἐστὶν ὑπόκρισις, τῶν Φαρισαίων⸃.",Disgust
ὁ δὲ Ἰησοῦς εἶπεν αὐτοῖς· Ὁρᾶτε καὶ προσέχετε ἀπὸ τῆς ζύμης τῶν Φαρισαίων καὶ Σαδδουκαίων.,Disgust
Οὐ καλὸν τὸ καύχημα ὑμῶν. οὐκ οἴδατε ὅτι μικρὰ ζύμη ὅλον τὸ φύραμα ζυμοῖ;,Disgust
"εἰ δὲ προσωπολημπτεῖτε, ἁμαρτίαν ἐργάζεσθε, ἐλεγχόμενοι ὑπὸ τοῦ νόμου ὡς παραβάται.",Disgust
οὐ γάρ ἐστιν προσωπολημψία παρὰ τῷ θεῷ.,Trust
"Ἀνοίξας δὲ Πέτρος τὸ στόμα εἶπεν· Ἐπʼ ἀληθείας καταλαμβάνομαι ὅτι οὐκ ἔστιν προσωπολήμπτης ὁ θεός,",Surprise
"Καὶ εἰ πατέρα ἐπικαλεῖσθε τὸν ἀπροσωπολήμπτως κρίνοντα κατὰ τὸ ἑκάστου ἔργον, ἐν φόβῳ τὸν τῆς παροικίας ὑμῶν χρόνον ἀναστράφητε·",Fear
"ἡ δὲ ἄνωθεν σοφία πρῶτον μὲν ἁγνή ἐστιν, ἔπειτα εἰρηνική, ἐπιεικής, εὐπειθής, μεστὴ ἐλέους καὶ καρπῶν ἀγαθῶν, ⸀ἀδιάκριτος, ἀνυπόκριτος·",Trust
"ἀκούομεν γάρ τινας περιπατοῦντας ἐν ὑμῖν ἀτάκτως, μηδὲν ἐργαζομένους ἀλλὰ περιεργαζομένους·",Disgust
"ἅμα δὲ καὶ ἀργαὶ μανθάνουσιν, περιερχόμεναι τὰς οἰκίας, οὐ μόνον δὲ ἀργαὶ ἀλλὰ καὶ φλύαροι καὶ περίεργοι, λαλοῦσαι τὰ μὴ δέοντα.",Disgust
"αὐτοὶ γὰρ οἴδατε πῶς δεῖ μιμεῖσθαι ἡμᾶς, ὅτι οὐκ ἠτακτήσαμεν ἐν ὑμῖν,",Trust
"οὐδὲ δωρεὰν ἄρτον ἐφάγομεν παρά τινος, ἀλλʼ ἐν κόπῳ καὶ μόχθῳ ⸂νυκτὸς καὶ ἡμέρας⸃ ἐργαζόμενοι πρὸς τὸ μὴ ἐπιβαρῆσαί τινα ὑμῶν·",Trust
"εἶπέν τις ἐξ αὐτῶν, ἴδιος αὐτῶν προφήτης, Κρῆτες ἀεὶ ψεῦσται, κακὰ θηρία, γαστέρες ἀργαί·",Disgust
"ἐπιθυμοῦμεν δὲ ἕκαστον ὑμῶν τὴν αὐτὴν ἐνδείκνυσθαι σπουδὴν πρὸς τὴν πληροφορίαν τῆς ἐλπίδος ἄχρι τέλους,",Anticipation
"⸂ζηλώσαντες δὲ οἱ Ἰουδαῖοι καὶ προσλαβόμενοι⸃ τῶν ἀγοραίων ⸂ἄνδρας τινὰς⸃ πονηροὺς καὶ ὀχλοποιήσαντες ἐθορύβουν τὴν πόλιν, ⸂καὶ ἐπιστάντες⸃ τῇ οἰκίᾳ Ἰάσονος ἐζήτουν αὐτοὺς ⸀προαγαγεῖν εἰς τὸν δῆμον·",Anger
"ἐτρυφήσατε ἐπὶ τῆς γῆς καὶ ἐσπαταλήσατε, ἐθρέψατε τὰς καρδίας ⸀ὑμῶν ἐν ἡμέρᾳ σφαγῆς.",Disgust
"⸀ἀδικούμενοι μισθὸν ἀδικίας· ἡδονὴν ἡγούμενοι τὴν ἐν ἡμέρᾳ τρυφήν, σπίλοι καὶ μῶμοι ἐντρυφῶντες ἐν ταῖς ⸀ἀπάταις αὐτῶν συνευωχούμενοι ὑμῖν,",Disgust
"Καὶ κλαύσουσιν καὶ κόψονται ἐπʼ αὐτὴν οἱ βασιλεῖς τῆς γῆς οἱ μετʼ αὐτῆς πορνεύσαντες καὶ στρηνιάσαντες, ὅταν βλέπωσιν τὸν καπνὸν τῆς πυρώσεως αὐτῆς,",Fear
"ὅτι ἐκ τοῦ οἴνου τοῦ θυμοῦ τῆς πορνείας αὐτῆς ⸀πέπτωκαν πάντα τὰ ἔθνη, καὶ οἱ βασιλεῖς τῆς γῆς μετʼ αὐτῆς ἐπόρνευσαν, καὶ οἱ ἔμποροι τῆς γῆς ἐκ τῆς δυνάμεως τοῦ στρήνους αὐτῆς ἐπλούτησαν.",Anger
"ὁ ἀδικῶν ἀδικησάτω ἔτι, καὶ ὁ ῥυπαρὸς ⸀ῥυπαρευθήτω ἔτι, καὶ ὁ δίκαιος δικαιοσύνην ποιησάτω ἔτι, καὶ ὁ ἅγιος ἁγιασθήτω ἔτι.",Sadness
"εἰ γὰρ ἀποφυγόντες τὰ μιάσματα τοῦ κόσμου ἐν ἐπιγνώσει τοῦ ⸀κυρίου καὶ σωτῆρος Ἰησοῦ Χριστοῦ τούτοις δὲ πάλιν ἐμπλακέντες ἡττῶνται, γέγονεν αὐτοῖς τὰ ἔσχατα χείρονα τῶν πρώτων.",Sadness
μάλιστα δὲ τοὺς ὀπίσω σαρκὸς ἐν ἐπιθυμίᾳ μιασμοῦ πορευομένους καὶ κυριότητος καταφρονοῦντας.,Disgust
"⸀πάντα καθαρὰ τοῖς καθαροῖς· τοῖς δὲ μεμιαμμένοις καὶ ἀπίστοις οὐδὲν καθαρόν, ἀλλὰ μεμίανται αὐτῶν καὶ ὁ νοῦς καὶ ἡ συνείδησις.",Disgust
"⸀Διὸ παρέδωκεν αὐτοὺς ὁ θεὸς ἐν ταῖς ἐπιθυμίαις τῶν καρδιῶν αὐτῶν εἰς ἀκαθαρσίαν τοῦ ἀτιμάζεσθαι τὰ σώματα αὐτῶν ἐν ⸀αὐτοῖς,",Anger
"ὁμοίως τε καὶ οἱ ἄρσενες ἀφέντες τὴν φυσικὴν χρῆσιν τῆς θηλείας ἐξεκαύθησαν ἐν τῇ ὀρέξει αὐτῶν εἰς ἀλλήλους, ἄρσενες ἐν ἄρσεσιν τὴν ἀσχημοσύνην κατεργαζόμενοι καὶ τὴν ἀντιμισθίαν ἣν ἔδει τῆς πλάνης αὐτῶν ἐν ⸀ἑαυτοῖς ἀπολαμβάνοντες.",Disgust
"πάντες ἐξέκλιναν, ἅμα ἠχρεώθησαν· οὐκ ⸀ἔστιν ποιῶν χρηστότητα, οὐκ ἔστιν ἕως ἑνός.",Sadness
"ἀποκριθεὶς δὲ ὁ Ἰησοῦς εἶπεν· Ὦ γενεὰ ἄπιστος καὶ διεστραμμένη, ἕως πότε ⸂μεθʼ ὑμῶν ἔσομαι⸃; ἕως πότε ἀνέξομαι ὑμῶν;",Sadness
"εἰδὼς ὅτι ἐξέστραπται ὁ τοιοῦτος καὶ ἁμαρτάνει, ὢν αὐτοκατάκριτος.",Disgust
"ὅτι ἀληθιναὶ καὶ δίκαιαι αἱ κρίσεις αὐτοῦ· ὅτι ἔκρινεν τὴν πόρνην τὴν μεγάλην ἥτις ⸀ἔφθειρεν τὴν γῆν ἐν τῇ πορνείᾳ αὐτῆς, καὶ ἐξεδίκησεν τὸ αἷμα τῶν δούλων αὐτοῦ ἐκ χειρὸς αὐτῆς.",Anticipation
"καὶ τὰ ἔθνη ὠργίσθησαν, καὶ ἦλθεν ἡ ὀργή σου καὶ ὁ καιρὸς τῶν νεκρῶν κριθῆναι καὶ δοῦναι τὸν μισθὸν τοῖς δούλοις σου τοῖς προφήταις καὶ τοῖς ἁγίοις καὶ τοῖς φοβουμένοις τὸ ὄνομά σου, ⸂τοὺς μικροὺς καὶ τοὺς μεγάλους⸃, καὶ διαφθεῖραι τοὺς διαφθείροντας τὴν γῆν.",Anger
"διαπαρατριβαὶ διεφθαρμένων ἀνθρώπων τὸν νοῦν καὶ ἀπεστερημένων τῆς ἀληθείας, νομιζόντων πορισμὸν εἶναι τὴν ⸀εὐσέβειαν.",Disgust
"ὃν τρόπον δὲ Ἰάννης καὶ Ἰαμβρῆς ἀντέστησαν Μωϋσεῖ, οὕτως καὶ οὗτοι ἀνθίστανται τῇ ἀληθείᾳ, ἄνθρωποι κατεφθαρμένοι τὸν νοῦν, ἀδόκιμοι περὶ τὴν πίστιν.",Disgust
"ἐλευθερίαν αὐτοῖς ἐπαγγελλόμενοι, αὐτοὶ δοῦλοι ὑπάρχοντες τῆς φθορᾶς·",Disgust
"ἑτέροις τε λόγοις πλείοσιν διεμαρτύρατο, καὶ παρεκάλει ⸀αὐτοὺς λέγων· Σώθητε ἀπὸ τῆς γενεᾶς τῆς σκολιᾶς ταύτης.",Fear
"ἔστω δέ, ἐγὼ οὐ κατεβάρησα ὑμᾶς· ἀλλὰ ὑπάρχων πανοῦργος δόλῳ ὑμᾶς ἔλαβον.",Anger
"φοβοῦμαι δὲ μή πως, ὡς ὁ ὄφις ⸂ἐξηπάτησεν Εὕαν⸃ ἐν τῇ πανουργίᾳ αὐτοῦ, ⸀φθαρῇ τὰ νοήματα ὑμῶν ἀπὸ τῆς ἁπλότητος ⸂καὶ τῆς ἁγνότητος⸃ τῆς εἰς τὸν Χριστόν.",Fear
"ὡς Σόδομα καὶ Γόμορρα καὶ αἱ περὶ αὐτὰς πόλεις, τὸν ὅμοιον ⸂τρόπον τούτοις⸃ ἐκπορνεύσασαι καὶ ἀπελθοῦσαι ὀπίσω σαρκὸς ἑτέρας, πρόκεινται δεῖγμα πυρὸς αἰωνίου δίκην ὑπέχουσαι.",Fear
"μὴ πάλιν ⸂ἐλθόντος μου⸃ ⸀ταπεινώσῃ ⸀με ὁ θεός μου πρὸς ὑμᾶς, καὶ πενθήσω πολλοὺς τῶν προημαρτηκότων καὶ μὴ μετανοησάντων ἐπὶ τῇ ἀκαθαρσίᾳ καὶ πορνείᾳ καὶ ἀσελγείᾳ ᾗ ἔπραξαν.",Sadness
λέγει αὐτοῖς ὁ Ἰησοῦς· Ἀμὴν λέγω ὑμῖν ὅτι οἱ τελῶναι καὶ αἱ πόρναι προάγουσιν ὑμᾶς εἰς τὴν βασιλείαν τοῦ θεοῦ.,Anger
"ἔσωθεν γὰρ ἐκ τῆς καρδίας τῶν ἀνθρώπων οἱ διαλογισμοὶ οἱ κακοὶ ἐκπορεύονται, ⸂πορνεῖαι, κλοπαί, φόνοι,",Disgust
"Ἢ οὐκ οἴδατε ὅτι ἄδικοι ⸂θεοῦ βασιλείαν⸃ οὐ κληρονομήσουσιν; μὴ πλανᾶσθε· οὔτε πόρνοι οὔτε εἰδωλολάτραι οὔτε μοιχοὶ οὔτε μαλακοὶ οὔτε ἀρσενοκοῖται,",Fear
"ὡς Σόδομα καὶ Γόμορρα καὶ αἱ περὶ αὐτὰς πόλεις, τὸν ὅμοιον ⸂τρόπον τούτοις⸃ ἐκπορνεύσασαι καὶ ἀπελθοῦσαι ὀπίσω σαρκὸς ἑτέρας, πρόκεινται δεῖγμα πυρὸς αἰωνίου δίκην ὑπέχουσαι.",Fear
"Ἢ οὐκ οἴδατε ὅτι ἄδικοι ⸂θεοῦ βασιλείαν⸃ οὐ κληρονομήσουσιν; μὴ πλανᾶσθε· οὔτε πόρνοι οὔτε εἰδωλολάτραι οὔτε μοιχοὶ οὔτε μαλακοὶ οὔτε ἀρσενοκοῖται,",Fear
"οὔτε ⸂κλέπται οὔτε πλεονέκται⸃, ⸀οὐ μέθυσοι, οὐ λοίδοροι, οὐχ ἅρπαγες βασιλείαν ⸀θεοῦ κληρονομήσουσιν.",Fear
ἔξω οἱ κύνες καὶ οἱ φάρμακοι καὶ οἱ πόρνοι καὶ οἱ φονεῖς καὶ οἱ εἰδωλολάτραι καὶ πᾶς φιλῶν καὶ ποιῶν ψεῦδος.,Disgust
"Μὴ δῶτε τὸ ἅγιον τοῖς κυσίν, μηδὲ βάλητε τοὺς μαργαρίτας ὑμῶν ἔμπροσθεν τῶν χοίρων, μήποτε ⸀καταπατήσουσιν αὐτοὺς ἐν τοῖς ποσὶν αὐτῶν καὶ στραφέντες ῥήξωσιν ὑμᾶς.",Disgust
"οὐ γὰρ ὡς ὑμεῖς ὑπολαμβάνετε οὗτοι μεθύουσιν, ἔστιν γὰρ ὥρα τρίτη τῆς ἡμέρας,",Surprise
"ἀρκετὸς ⸀γὰρ ὁ παρεληλυθὼς ⸀χρόνος τὸ ⸀βούλημα τῶν ἐθνῶν ⸀κατειργάσθαι, πεπορευμένους ἐν ἀσελγείαις, ἐπιθυμίαις, οἰνοφλυγίαις, κώμοις, πότοις, καὶ ἀθεμίτοις εἰδωλολατρίαις.",Disgust
"Προσέχετε δὲ ἑαυτοῖς μήποτε βαρηθῶσιν ⸂ὑμῶν αἱ καρδίαι⸃ ἐν κραιπάλῃ καὶ μέθῃ καὶ μερίμναις βιωτικαῖς, καὶ ⸂ἐπιστῇ ἐφʼ ὑμᾶς αἰφνίδιος⸃ ἡ ἡμέρα ἐκείνη,",Fear
"ἀρκετὸς ⸀γὰρ ὁ παρεληλυθὼς ⸀χρόνος τὸ ⸀βούλημα τῶν ἐθνῶν ⸀κατειργάσθαι, πεπορευμένους ἐν ἀσελγείαις, ἐπιθυμίαις, οἰνοφλυγίαις, κώμοις, πότοις, καὶ ἀθεμίτοις εἰδωλολατρίαις.",Disgust
"οὔτε ⸂κλέπται οὔτε πλεονέκται⸃, ⸀οὐ μέθυσοι, οὐ λοίδοροι, οὐχ ἅρπαγες βασιλείαν ⸀θεοῦ κληρονομήσουσιν.",Fear
"ἐλήλυθεν ὁ υἱὸς τοῦ ἀνθρώπου ἐσθίων καὶ πίνων, καὶ λέγετε· Ἰδοὺ ἄνθρωπος φάγος καὶ οἰνοπότης, φίλος τελωνῶν καὶ ἁμαρτωλῶν.",Disgust
"ἀναστὰς πορεύσομαι πρὸς τὸν πατέρα μου καὶ ἐρῶ αὐτῷ· Πάτερ, ἥμαρτον εἰς τὸν οὐρανὸν καὶ ἐνώπιόν σου,",Sadness
"ὃν προέθετο ὁ θεὸς ἱλαστήριον ⸀διὰ πίστεως ἐν τῷ αὐτοῦ αἵματι εἰς ἔνδειξιν τῆς δικαιοσύνης αὐτοῦ διὰ τὴν πάρεσιν τῶν προγεγονότων ἁμαρτημάτων,",Trust
"Λέγω οὖν, μὴ ἔπταισαν ἵνα πέσωσιν; μὴ γένοιτο· ἀλλὰ τῷ αὐτῶν παραπτώματι ἡ σωτηρία τοῖς ἔθνεσιν, εἰς τὸ παραζηλῶσαι αὐτούς.",Sadness
"Τῷ δὲ δυναμένῳ φυλάξαι ⸀ὑμᾶς ἀπταίστους καὶ στῆσαι κατενώπιον τῆς δόξης αὐτοῦ ἀμώμους ἐν ἀγαλλιάσει,",Trust
"τὸ μὴ ὑπερβαίνειν καὶ πλεονεκτεῖν ἐν τῷ πράγματι τὸν ἀδελφὸν αὐτοῦ, διότι ἔκδικος ⸀κύριος περὶ πάντων τούτων, καθὼς καὶ προείπαμεν ὑμῖν καὶ διεμαρτυράμεθα.",Fear
ὃς παρεδόθη διὰ τὰ παραπτώματα ἡμῶν καὶ ἠγέρθη διὰ τὴν δικαίωσιν ἡμῶν.,Sadness
"ἐὰν δὲ μὴ ἀφῆτε τοῖς ⸀ἀνθρώποις, οὐδὲ ὁ πατὴρ ὑμῶν ἀφήσει τὰ παραπτώματα ὑμῶν.",Fear
"καὶ ἄφες ἡμῖν τὰς ἁμαρτίας ἡμῶν, καὶ γὰρ αὐτοὶ ἀφίομεν παντὶ ὀφείλοντι ἡμῖν· καὶ μὴ εἰσενέγκῃς ἡμᾶς εἰς ⸀πειρασμόν.",Trust
"καὶ ἄφες ἡμῖν τὰ ὀφειλήματα ἡμῶν, ὡς καὶ ἡμεῖς ⸀ἀφήκαμεν τοῖς ὀφειλέταις ἡμῶν·",Sadness
"εἶπεν· Ὦ πλήρης παντὸς δόλου καὶ πάσης ῥᾳδιουργίας, υἱὲ διαβόλου, ἐχθρὲ πάσης δικαιοσύνης, οὐ παύσῃ διαστρέφων τὰς ⸀ὁδοὺς κυρίου τὰς εὐθείας;",Anger
"εἰς δὲ τὴν δευτέραν ἅπαξ τοῦ ἐνιαυτοῦ μόνος ὁ ἀρχιερεύς, οὐ χωρὶς αἵματος, ὃ προσφέρει ὑπὲρ ἑαυτοῦ καὶ τῶν τοῦ λαοῦ ἀγνοημάτων,",Fear
"εἰ δὲ ὁ ὀφθαλμός σου ὁ δεξιὸς σκανδαλίζει σε, ἔξελε αὐτὸν καὶ βάλε ἀπὸ σοῦ, συμφέρει γάρ σοι ἵνα ἀπόληται ἓν τῶν μελῶν σου καὶ μὴ ὅλον τὸ σῶμά σου βληθῇ εἰς γέενναν.",Fear
"τίς ἀσθενεῖ, καὶ οὐκ ἀσθενῶ; τίς σκανδαλίζεται καὶ οὐκ ἐγὼ πυροῦμαι;",Trust
"ἀποστελεῖ ὁ υἱὸς τοῦ ἀνθρώπου τοὺς ἀγγέλους αὐτοῦ, καὶ συλλέξουσιν ἐκ τῆς βασιλείας αὐτοῦ πάντα τὰ σκάνδαλα καὶ τοὺς ποιοῦντας τὴν ἀνομίαν,",Anticipation
βλέπετε δὲ μή πως ἡ ἐξουσία ὑμῶν αὕτη πρόσκομμα γένηται τοῖς ⸀ἀσθενέσιν.,Anticipation
"μηδεμίαν ἐν μηδενὶ διδόντες προσκοπήν, ἵνα μὴ μωμηθῇ ἡ διακονία,",Trust
"μηδεὶς πειραζόμενος λεγέτω ὅτι Ἀπὸ θεοῦ πειράζομαι· ὁ γὰρ θεὸς ἀπείραστός ἐστιν κακῶν, πειράζει δὲ αὐτὸς οὐδένα.",Trust
"ἐὰν ⸀δὲ ἐν τῷ φωτὶ περιπατῶμεν ὡς αὐτός ἐστιν ἐν τῷ φωτί, κοινωνίαν ἔχομεν μετʼ ἀλλήλων καὶ τὸ αἷμα ⸀Ἰησοῦ τοῦ υἱοῦ αὐτοῦ καθαρίζει ἡμᾶς ἀπὸ πάσης ἁμαρτίας.",Joy
τοῦτο γάρ ἐστιν τὸ αἷμά ⸀μου ⸀τῆς διαθήκης τὸ περὶ πολλῶν ἐκχυννόμενον εἰς ἄφεσιν ἁμαρτιῶν·,Trust
καὶ νῦν τί μέλλεις; ἀναστὰς βάπτισαι καὶ ἀπόλουσαι τὰς ἁμαρτίας σου ἐπικαλεσάμενος τὸ ὄνομα ⸀αὐτοῦ.,Anticipation
"μετανοήσατε οὖν καὶ ἐπιστρέψατε ⸀πρὸς τὸ ἐξαλειφθῆναι ὑμῶν τὰς ἁμαρτίας,",Anticipation
"ὡς δὲ ἐπέμενον ἐρωτῶντες αὐτόν, ἀνακύψας εἶπεν πρὸς αὐτούς· Ὁ ἀναμάρτητος ὑμῶν, πρῶτον ἐπʼ αὐτὴν τὸν λίθον βαλέτω.",Anger
"Ὥστε ὃς ἂν ἐσθίῃ τὸν ⸀ἄρτον ἢ πίνῃ τὸ ποτήριον τοῦ κυρίου ⸀ἀναξίως, ἔνοχος ἔσται τοῦ σώματος καὶ τοῦ αἵματος τοῦ κυρίου.",Fear
τί ὑμῖν δοκεῖ; οἱ δὲ ἀποκριθέντες εἶπαν· Ἔνοχος θανάτου ἐστίν.,Anger
ἠκούσατε τῆς βλασφημίας· τί ὑμῖν φαίνεται;,Anger
"προσερχώμεθα μετὰ ἀληθινῆς καρδίας ἐν πληροφορίᾳ πίστεως, ῥεραντισμένοι τὰς καρδίας ἀπὸ συνειδήσεως πονηρᾶς καὶ λελουσμένοι τὸ σῶμα ὕδατι καθαρῷ·",Joy
λέγων· Ἥμαρτον παραδοὺς αἷμα ⸀ἀθῷον.,Sadness
"ἦσαν δὲ δίκαιοι ἀμφότεροι ⸀ἐναντίον τοῦ θεοῦ, πορευόμενοι ἐν πάσαις ταῖς ἐντολαῖς καὶ δικαιώμασιν τοῦ κυρίου ἄμεμπτοι.",Trust
"ὑμεῖς μάρτυρες καὶ ὁ θεός, ὡς ὁσίως καὶ δικαίως καὶ ἀμέμπτως ὑμῖν τοῖς πιστεύουσιν ἐγενήθημεν,",Trust
ἐν τούτῳ ⸀καὶ αὐτὸς ἀσκῶ ἀπρόσκοπον συνείδησιν ⸀ἔχειν πρὸς τὸν θεὸν καὶ τοὺς ἀνθρώπους διὰ παντός.,Trust